<?xml version="1.0" encoding="UTF-8"?><metadata>
    <idinfo>
        <citation>
            <citeinfo>
                <origin/>
                <pubdate>20030202</pubdate>
                <title>Points of Interest</title>
                <geoform>vector digital data</geoform>
            </citeinfo>
        </citation>
        <descript>
            <abstract>Also known as place names. The dataset contains locations and attributes of address alias points, created as part of the Master Address Repository (MAR) for the Office of the Chief Technology Officer (OCTO) and participating DC government agencies. It contains address alias names in the District of Columbia which are typically placed on buildings. These alias names represent named features such as: - Schools - Federal Buildings - Military Installations - Hospitals - Museums - Monuments - University Structures - Fire and Police Stations - Libraries - Metro Facilities - Historical Landmarks - Recreation Centers - Mile Markers - Marinas and more. More information on the MAR can be found at https://opendata.dc.gov/pages/addressing-in-dc. The data dictionary is available: https://opendata.dc.gov/documents/2a4b3d59aade43188b6d18e3811f4fd3/explore. In the MAR 2, the AddressAliasPt is called PLACE_NAMES_PT and features additional useful information such as created date, last edited date, begin date, and more.</abstract>
            <purpose>Place names from the Master Address Repository (MAR).</purpose>
        </descript>
        <status>
            <progress>Complete</progress>
            <update>Daily</update>
        </status>
        <spdom>
            <bounding>
                <westbc>-77.13</westbc>
                <eastbc>-76.9</eastbc>
                <northbc>39.01</northbc>
                <southbc>38.78</southbc>
            </bounding>
        </spdom>
        <keywords>
            <theme>
                <themekt>None</themekt>
                <themekey>master address repository</themekey>
                <themekey>location</themekey>
            </theme>
            <theme>
                <themekt>ISO 19115 Topic Categories</themekt>
                <themekey>location</themekey>
            </theme>
            <place>
                <placekt>None</placekt>
                <placekey>District of Columbia</placekey>
                <placekey>Washington DC</placekey>
            </place>
        </keywords>
        <accconst>Other Constraints</accconst>
        <useconst>This work is licensed under a Creative Commons Attribution 4.0 International License.</useconst>
        <ptcontac>
            <cntinfo>
                <cntorgp>
                    <cntorg>Office of the Chief Technology Officer</cntorg>
                </cntorgp>
                <cntpos>GIS Data Coordinator</cntpos>
                <cntaddr>
                    <addrtype>mailing and physical</addrtype>
                    <address>200 I Street SE</address>
                    <city>Washington</city>
                    <state>DC</state>
                    <postal>20003</postal>
                    <country>US</country>
                </cntaddr>
                <cntvoice>(202) 727-2277</cntvoice>
                <cntemail>dcgis@dc.gov</cntemail>
                <hours>8:30 am - 5 pm</hours>
            </cntinfo>
        </ptcontac>
        <datacred>Office of the Chief Technology Officer</datacred>
        <native>Esri ArcGIS 13.0.3.36057</native>
    </idinfo>
    <dataqual>
        <lineage>
            <srcinfo>
                <srccite>
                    <citeinfo>
                        <pubdate>20030202</pubdate>
                        <title>DC GIS Database</title>
                    </citeinfo>
                </srccite>
                <typesrc>None</typesrc>
                <srccitea>DC GIS Database</srccitea>
                <srccontr>attributes and location</srccontr>
            </srcinfo>
            <procstep>
                <procdesc>OCTO GIS used the names and addresses from the feature layers in the DC GIS database to create aliases in the DC Master Address Repository (MAR). 1. Staff geocode the feature layer to the MAR. This determines which features are in the MAR and which ones need to be added. 2. Staff then research and verify addresses for the rejected features and prepare them for inclusion in the MAR. 3. The feature names are standardized and completely spelled out (no abbreviations). 4. The names are added to the alias tables in the MAR using the MAR address ID and the feature name. Since some named places in DC are known by several names, the alias layer contains stacked points. Each point represents an alias for the named place.</procdesc>
                <proccont>
                    <cntinfo>
                        <cntorgp>
                            <cntorg>Office of the Chief Technology Officer</cntorg>
                        </cntorgp>
                        <cntpos>GIS Data Coordinator</cntpos>
                        <cntaddr>
                            <addrtype>mailing and physical</addrtype>
                            <address>200 I Street SE, 5th Floor</address>
                            <city>Washington</city>
                            <state>DC</state>
                            <postal>20003</postal>
                            <country>US</country>
                        </cntaddr>
                        <cntvoice>(202) 727-2277</cntvoice>
                        <cntfax>(202) 727-5660</cntfax>
                        <cntemail>dcgis@dc.gov</cntemail>
                        <hours>8:30 am - 5 pm</hours>
                    </cntinfo>
                </proccont>
            </procstep>
            <procstep>
                <procdesc>On Friday August 18, 2023, the Office of the Chief Technology Officer updated  the Master Address Repository (MAR) datasets, including address points, points of interest, intersections, blocks, and a new data layer named retired address points.

All datasets have been updated to use the MAR 2.0 schema. The most significant change comes with the ADDRESS_ID unique identifier column which will now be named MAR_ID across all five datasets.</procdesc>
                <procdate>20230818</procdate>
                <proccont>
                    <cntinfo>
                        <cntorgp>
                            <cntorg>Office of the Chief Technology Officer</cntorg>
                        </cntorgp>
                        <cntpos>GIS Data Coordinator</cntpos>
                        <cntaddr>
                            <addrtype>mailing and physical</addrtype>
                            <address>200 I Street SE, 5th Floor</address>
                            <city>Washington</city>
                            <state>DC</state>
                            <postal>20003</postal>
                            <country>US</country>
                        </cntaddr>
                        <cntvoice>(202) 727-2277</cntvoice>
                        <cntfax>(202) 727-5660</cntfax>
                        <cntemail>dcgis@dc.gov</cntemail>
                        <hours>8:30 am - 5 pm</hours>
                    </cntinfo>
                </proccont>
            </procstep>
        </lineage>
    </dataqual>
    <spdoinfo>
        <direct>Vector</direct>
        <ptvctinf>
            <sdtsterm>
                <sdtstype>Entity point</sdtstype>
                <ptvctcnt>14656</ptvctcnt>
            </sdtsterm>
        </ptvctinf>
    </spdoinfo>
    <eainfo>
        <detailed>
            <enttyp>
                <enttypl>DCGIS.PLACE_NAMES_PT</enttypl>
                <enttypd>Master Address Repository points of interest.</enttypd>
                <enttypds>OCTO</enttypds>
            </enttyp>
            <attr>
                <attrlabl>OBJECTID</attrlabl>
                <attrdef>Internal feature number.</attrdef>
                <attrdefs>ESRI</attrdefs>
                <attrdomv>
                                        					
                    
                    <udom>Sequential unique whole numbers that are automatically generated.</udom>
                                        				
                
                </attrdomv>
            </attr>
            <attr>
                <attrlabl>PLACE_NAME_ID</attrlabl>
                <attrdef>Unique identifier. Key field.</attrdef>
                <attrdefs>OCTO</attrdefs>
            </attr>
            <attr>
                <attrlabl>NAME</attrlabl>
                <attrdef>The place name.</attrdef>
                <attrdefs>OCTO</attrdefs>
            </attr>
            <attr>
                <attrlabl>MAR_ID</attrlabl>
                <attrdef>Unique identifier of address.</attrdef>
                <attrdefs>OCTO</attrdefs>
            </attr>
            <attr>
                <attrlabl>STATUS</attrlabl>
                <attrdef>Address alias status.</attrdef>
                <attrdefs>OCTO</attrdefs>
            </attr>
            <attr>
                <attrlabl>METADATA_ID</attrlabl>
                <attrdef>Metadata Identifier</attrdef>
                <attrdefs>OCTO</attrdefs>
            </attr>
            <attr>
                <attrlabl>BEFORE_DATE</attrlabl>
                <attrdef>Place name definitely did not exist before this date.</attrdef>
                <attrdefs>OCTO</attrdefs>
            </attr>
            <attr>
                <attrlabl>BEFORE_DATE_SOURCE</attrlabl>
                <attrdef>The source of the before date.</attrdef>
                <attrdefs>OCTO</attrdefs>
            </attr>
            <attr>
                <attrlabl>BEGIN_DATE</attrlabl>
                <attrdef>Begin date.</attrdef>
                <attrdefs>OCTO</attrdefs>
            </attr>
            <attr>
                <attrlabl>BEGIN_DATE_SOURCE</attrlabl>
                <attrdef>The source of the begin date.</attrdef>
                <attrdefs>OCTO</attrdefs>
            </attr>
            <attr>
                <attrlabl>FIRST_KNOWN_DATE</attrlabl>
                <attrdef>If there is not a known begin date, then there could be the earliest known date.</attrdef>
                <attrdefs>OCTO</attrdefs>
            </attr>
            <attr>
                <attrlabl>FIRST_KNOWN_DATE_SOURCE</attrlabl>
                <attrdef>The source of the first known date.</attrdef>
                <attrdefs>OCTO</attrdefs>
            </attr>
            <attr>
                <attrlabl>CREATED_DATE</attrlabl>
                <attrdef>When the record was created. This is not when the address began.</attrdef>
                <attrdefs>OCTO</attrdefs>
            </attr>
            <attr>
                <attrlabl>CREATED_USER</attrlabl>
                <attrdef>Which agency created the record.</attrdef>
                <attrdefs>OCTO</attrdefs>
            </attr>
            <attr>
                <attrlabl>LAST_EDITED_DATE</attrlabl>
                <attrdef>The last date the entry was edited.</attrdef>
                <attrdefs>OCTO</attrdefs>
            </attr>
            <attr>
                <attrlabl>LAST_EDITED_USER</attrlabl>
                <attrdef>Name of agency that last edited record.</attrdef>
                <attrdefs>OCTO</attrdefs>
            </attr>
            <attr>
                <attrlabl>SHAPE</attrlabl>
                <attrdef>Feature geometry.</attrdef>
                <attrdefs>ESRI</attrdefs>
                <attrdomv>
                                        					
                    
                    <udom>Coordinates defining the features.</udom>
                                        				
                
                </attrdomv>
            </attr>
        </detailed>
    </eainfo>
    <distinfo>
        <distrib>
            <cntinfo>
                <cntorgp>
                    <cntorg>Office of the Chief Technology Officer</cntorg>
                </cntorgp>
                <cntpos>GIS Data Coordinator</cntpos>
                <cntaddr>
                    <addrtype>mailing and physical</addrtype>
                    <address>200 I Street SE, 5th Floor</address>
                    <city>Washington</city>
                    <state>DC</state>
                    <postal>20003</postal>
                    <country>US</country>
                </cntaddr>
                <cntvoice>(202) 727-2277</cntvoice>
                <cntfax>(202) 727-5660</cntfax>
                <cntemail>dcgis@dc.gov</cntemail>
                <hours>8:30 am - 5 pm</hours>
            </cntinfo>
        </distrib>
        <distliab>See access and use constraints information.</distliab>
        <custom>DC datasets can be downloaded from "https://opendata.dc.gov".</custom>
    </distinfo>
    <metainfo>
        <metd>20230815</metd>
        <metc>
            <cntinfo>
                <cntorgp>
                    <cntorg>Office of the Chief Technology Officer</cntorg>
                </cntorgp>
                <cntpos>GIS Data Coordinator</cntpos>
                <cntaddr>
                    <addrtype>mailing and physical</addrtype>
                    <address>200 I Street SE</address>
                    <city>Washington</city>
                    <state>DC</state>
                    <postal>20003</postal>
                    <country>US</country>
                </cntaddr>
                <cntvoice>(202) 727-2277</cntvoice>
                <cntemail>dcgis@dc.gov</cntemail>
                <hours>8:30 am - 5 pm</hours>
            </cntinfo>
        </metc>
        <metstdn>FGDC Content Standard for Digital Geospatial Metadata</metstdn>
        <metstdv>FGDC-STD-001-1998</metstdv>
        <mettc>local time</mettc>
    </metainfo>
</metadata>
