FID,OBJECTID,PIN,PARCE_ID,VALID_FROM,VALID_TO,CURRE_UNIT,HOUSI_UNIT,LUC,YEAR_BUILT,STRUC_DESC,NEAR_FID,NEAR_DIST,Type
97665,97666,0294 01  0035D,570196, ,2023-01-01,429,HR,046,2015,ELEVATOR APARTMENT,657,0.001427599,
25298,25299,0174 01  0017L1,583031, ,2023-01-01,448,MR,042,2015,ELEVATOR APARTMENT,676,0.001729791,
95840,95841,0293 35      C,545755, ,2023-01-01,400,HR,044,2015,ELEVATOR APARTMENT,655,0.001797413,
62672,62673,0293 01  0076B,584645, ,2023-01-01,398,HR,046,2019,ELEVATOR APARTMENT,656,0.00197404,
37367,37368,0294 12010308,455554, ,2023-01-01,1,LR,041,1997, ,658,0.002623239,
32531,32532,0174 19      A,583021, ,2023-01-01,421,MR,042,2017,ELEVATOR APARTMENT,676,0.002672639,
37570,37571,0174 17040003,562817, ,2023-01-01,1,SF,011,1977, ,676,0.003014567,
10610,10611,0174 17040004,562820, ,2023-01-01,1,SF,011,1977, ,676,0.003016146,
54035,54036,0174 17040002,562822, ,2023-01-01,1,SF,011,1977, ,676,0.003069935,
27491,27492,0174 17040005,545972, ,2023-01-01,1,SF,011,1977, ,676,0.003122853,
50086,50087,0262 09040006,545967, ,2023-01-01,1,SF,011,1977, ,676,0.003156471,
335341,335342,0174 17040001,545977, ,2023-01-01,1,SF,011,1977, ,676,0.00317864,
59143,59144,0262 09040007,545979, ,2023-01-01,1,SF,011,1977, ,676,0.003215008,
27765,27766,0294 12100201,444094, ,2023-01-01,1,LR,041,1997, ,658,0.003221383,
28072,28073,0294 12020414,446068, ,2023-01-01,1,LR,041,1997, ,658,0.003224097,
36902,36903,0174 17140001,553919, ,2023-01-01,1,SF,011,1978, ,676,0.003288681,
96452,96453,0303 46  0001,583554, ,2023-01-01,410,HR,046,2022,ELEVATOR APARTMENT,658,0.003370488,
38132,38133,0262 09040013,556738, ,2023-01-01,1,SF,011,1977, ,676,0.003372346,
50902,50903,0262 09040008,546009, ,2023-01-01,1,SF,011,1977, ,676,0.00341368,
40643,40644,0262 09040014,556731, ,2023-01-01,1,SF,011,1977, ,676,0.003420164,
28077,28078,0294 12030314,444795, ,2023-01-01,1,LR,041,1997, ,658,0.003446964,
46630,46631,0262 09040009,556743, ,2023-01-01,1,SF,011,1977, ,676,0.003496146,
47404,47405,0174 17020001,547942, ,2023-01-01,1,TH,031,1976, ,676,0.00350715,
28331,28332,0174 17020002,547914, ,2023-01-01,1,TH,031,1976, ,676,0.003535389,
33775,33776,0174 17020003,547947, ,2023-01-01,1,TH,031,1976, ,676,0.003560409,
48312,48313,0262 09040012,556723, ,2023-01-01,1,SF,011,1977, ,676,0.003568388,
33635,33636,0174 17020004,547962, ,2023-01-01,1,TH,031,1976, ,676,0.003587183,
31941,31942,0262 09040010,556707, ,2023-01-01,1,SF,011,1977, ,676,0.003612007,
112865,112866,0293 37  0001,583307, ,2023-01-01,404,HR,046,2020,ELEVATOR APARTMENT,656,0.003621386,
117981,117982,0293 37  0003,583304, ,2023-01-01,133,HR,046,2019,ELEVATOR APARTMENT,656,0.003621386,
27490,27491,0174 17020005,547933, ,2023-01-01,1,TH,031,1976, ,676,0.003650864,
31942,31943,0262 09040011,556718, ,2023-01-01,1,SF,011,1977, ,676,0.003656784,
57390,57391,0262 09140002,553918, ,2023-01-01,1,SF,011,1978, ,676,0.003657484,
29153,29154,0174 17020006,546672, ,2023-01-01,1,TH,031,1976, ,676,0.003692046,
48464,48465,0293 33      C,541832, ,2023-01-01,404,HR,044,2014,ELEVATOR APARTMENT,655,0.003698537,
48073,48074,0262 098A0006,546005, ,2023-01-01,1,SF,011,1977, ,676,0.003716017,
28332,28333,0174 17020007,547938, ,2023-01-01,1,TH,031,1976, ,676,0.003728778,
40646,40647,0262 098A0007,546008, ,2023-01-01,1,SF,011,1977, ,676,0.003734059,
54034,54035,0174 17020008,547939, ,2023-01-01,1,TH,031,1976, ,676,0.003798286,
57391,57392,0262 09140003,547934, ,2023-01-01,1,SF,011,1978, ,676,0.003802928,
44939,44940,0293 39  2106,570061, ,2023-01-01,1,HR,045,2019, ,656,0.00383913,
53081,53082,0262 098A0005,546002, ,2023-01-01,1,SF,011,1977, ,676,0.003853149,
29269,29270,0294 12090217,455828, ,2023-01-01,1,LR,041,1997, ,658,0.003893541,
50091,50092,0262 098A0008,545988, ,2023-01-01,1,SF,011,1977, ,676,0.003935266,
57392,57393,0262 09140004,547930, ,2023-01-01,1,SF,011,1978, ,676,0.003960556,
38379,38380,0294 12040201,450609, ,2023-01-01,1,LR,041,1997, ,658,0.003972552,
22708,22709,0174 17020009,547931, ,2023-01-01,1,TH,031,1976, ,676,0.00397385,
37739,37740,0262 09050002,556712, ,2023-01-01,1,SF,011,1977, ,676,0.004002601,
50899,50900,0262 09020021,547935, ,2023-01-01,1,TH,031,1977, ,676,0.004032364,
33636,33637,0174 17020010,546668, ,2023-01-01,1,TH,031,1976, ,676,0.00404108,
53075,53076,0262 09020020,547956, ,2023-01-01,1,TH,031,1977, ,676,0.004052057,
37379,37380,0294 12050107,446356, ,2023-01-01,1,LR,041,1997, ,658,0.004055012,
27488,27489,0174 12  0011B1,553073, ,2023-01-01,260,MR,042,2020,ELEVATOR APARTMENT,676,0.004065163,
48317,48318,0262 098A0004,545946, ,2023-01-01,1,SF,011,1977, ,676,0.004065638,
59144,59145,0262 09050003,556746, ,2023-01-01,1,SF,011,1977, ,676,0.004070918,
73519,73520,0262 09050001,556745, ,2023-01-01,1,SF,011,1977, ,676,0.004081223,
31938,31939,0262 09020019,546654, ,2023-01-01,1,TH,031,1977, ,676,0.004087986,
33637,33638,0174 17020011,547940, ,2023-01-01,1,TH,031,1976, ,676,0.004107363,
94881,94882,0293 01  0035,555936, ,2023-01-01,217,LR,040,1980,GARDEN APARTMENT,656,0.004109553,
40645,40646,0262 09140005,546670, ,2023-01-01,1,SF,011,1979, ,676,0.004122369,
50898,50899,0262 09020018,546661, ,2023-01-01,1,TH,031,1977, ,676,0.004129278,
57394,57395,0262 098A0009,556726, ,2023-01-01,1,SF,011,1977, ,676,0.004145203,
46629,46630,0262 09020017,547963, ,2023-01-01,1,TH,031,1977, ,676,0.004156209,
38127,38128,0262 09020015,547929, ,2023-01-01,1,TH,031,1977, ,676,0.004156806,
38128,38129,0262 09020016,547950, ,2023-01-01,1,TH,031,1977, ,676,0.004156846,
19685,19686,0174 17020012,547948, ,2023-01-01,1,TH,031,1976, ,676,0.004168429,
19686,19687,0174 17020013,546656, ,2023-01-01,1,TH,031,1976, ,676,0.004216633,
50993,50994,0262 098A0003,556706, ,2023-01-01,1,SF,011,1977, ,676,0.004222054,
45557,45558,0262 097A0008,556722, ,2023-01-01,1,SF,011,1977, ,676,0.004243313,
73520,73521,0262 09050004,556711, ,2023-01-01,1,SF,011,1977, ,676,0.004253215,
48309,48310,0262 09020014,547912, ,2023-01-01,1,TH,031,1976, ,676,0.004266606,
50989,50990,0262 09140012,546660, ,2023-01-01,1,SF,011,1979, ,676,0.004274129,
46631,46632,0262 098A0010,556717, ,2023-01-01,1,SF,011,1977, ,676,0.004306148,
38135,38136,0262 097A0007,556730, ,2023-01-01,1,SF,011,1977, ,676,0.004331785,
336122,336123,0174 17020065,547922, ,2023-01-01,1,TH,031,1976, ,676,0.004384379,
73524,73525,0262 098A0002,556703, ,2023-01-01,1,SF,011,1977, ,676,0.00440128,
38134,38135,0262 097A0006,556702, ,2023-01-01,1,SF,011,1977, ,676,0.004408435,
45114,45115,0262 097A0009,556727, ,2023-01-01,1,SF,011,1977, ,676,0.004415785,
336121,336122,0174 17020064,547964, ,2023-01-01,1,TH,031,1976, ,676,0.00442648,
38133,38134,0262 09140006,547918, ,2023-01-01,1,SF,011,1979, ,676,0.004433854,
335340,335341,0174 17020063,547913, ,2023-01-01,1,TH,031,1976, ,676,0.004463488,
48313,48314,0262 09050005,556705, ,2023-01-01,1,SF,011,1977, ,676,0.004483976,
46632,46633,0262 098A0011,556739, ,2023-01-01,1,SF,011,1977, ,676,0.004496192,
48071,48072,0262 09140013,545990, ,2023-01-01,1,SF,011,1978, ,676,0.004510196,
50903,50904,0262 09050006,556715, ,2023-01-01,1,SF,011,1977, ,676,0.004510759,
29156,29157,0174 17020062,547944, ,2023-01-01,1,TH,031,1976, ,676,0.004512602,
95611,95612,0294 07  0001B,567159, ,2023-01-01,461,HR,044,2015,ELEVATOR APARTMENT,657,0.004515283,
48310,48311,0262 09020022,546653, ,2023-01-01,1,TH,031,1977, ,676,0.004562702,
29155,29156,0174 17020061,546674, ,2023-01-01,1,TH,031,1976, ,676,0.004576079,
59147,59148,0262 097A0010,556724, ,2023-01-01,1,SF,011,1977, ,676,0.004577593,
38580,38581,0262 09020023,547968, ,2023-01-01,1,TH,031,1977, ,676,0.004592749,
40845,40846,0262 09140011,547949, ,2023-01-01,1,SF,011,1979, ,676,0.00459404,
51252,51253,0294 07  0002A,567160, ,2023-01-01,102,HR,044,2022,ELEVATOR APARTMENT,657,0.004594938,
59148,59149,0262 098A0001,556729, ,2023-01-01,1,SF,011,1977, ,676,0.004599357,
37737,37738,0262 09020029,546652, ,2023-01-01,1,TH,031,1977, ,676,0.004605819,
40780,40781,0294 12080103,451702, ,2023-01-01,1,LR,041,1997, ,658,0.004606792,
38581,38582,0262 09020024,546665, ,2023-01-01,1,TH,031,1977, ,676,0.004611491,
73515,73516,0262 09020025,547921, ,2023-01-01,1,TH,031,1977, ,676,0.004611834,
40840,40841,0262 09020030,547951, ,2023-01-01,1,TH,031,1977, ,676,0.004613079,
50090,50091,0262 097A0005,556736, ,2023-01-01,1,SF,011,1977, ,676,0.004614635,
48066,48067,0262 09020028,547936, ,2023-01-01,1,TH,031,1977, ,676,0.004620467,
29154,29155,0174 17020060,547911, ,2023-01-01,1,TH,031,1976, ,676,0.004626717,
50900,50901,0262 09020026,547909, ,2023-01-01,1,TH,031,1977, ,676,0.004637468,
33482,33483,0262 09020027,546673, ,2023-01-01,1,TH,031,1977, ,676,0.004640205,
34893,34894,0174 17020059,547958, ,2023-01-01,1,TH,031,1976, ,676,0.004678163,
48023,48024,0174 39010051,575294, ,2023-01-01,1,TH,031,2022, ,676,0.004692467,
45556,45557,0262 096A0001,556709, ,2023-01-01,1,SF,011,2007, ,676,0.004700143,
73523,73524,0262 097A0011,556748, ,2023-01-01,1,SF,011,1977, ,676,0.004709319,
48024,48025,0174 39010052,575295, ,2023-01-01,1,TH,031,2022, ,676,0.004712587,
73738,73739,0174 39010050,575293, ,2023-01-01,1,TH,031,2022, ,676,0.004715275,
14866,14867,0174 39010053,575296, ,2023-01-01,1,TH,031,2022, ,676,0.004732748,
37740,37741,0262 09140014,206428, ,2023-01-01,1,SF,011,1979, ,676,0.004739725,
17917,17918,0174 39010054,575297, ,2023-01-01,1,TH,031,2022, ,676,0.00475327,
73522,73523,0262 097A0004,556719, ,2023-01-01,1,SF,011,1977, ,676,0.004755045,
33638,33639,0174 17020058,547927, ,2023-01-01,1,TH,031,1976, ,676,0.004766052,
20749,20750,0174 39010055,575298, ,2023-01-01,1,TH,031,2022, ,676,0.00477899,
40553,40554,0294 12070109,446263, ,2023-01-01,1,LR,041,1997, ,658,0.004804293,
37741,37742,0262 096A0002,556720, ,2023-01-01,1,SF,011,1977, ,676,0.004808621,
37738,37739,0262 09020031,547917, ,2023-01-01,1,TH,031,1977, ,676,0.004839712,
14865,14866,0174 39010049,575292, ,2023-01-01,1,TH,031,2022, ,676,0.004861028,
42552,42553,0262 09140007,546658, ,2023-01-01,1,SF,011,1979, ,676,0.004862712,
45112,45113,0262 09140008,546663, ,2023-01-01,1,SF,011,1978, ,676,0.004869789,
42554,42555,0262 097A0003,556742, ,2023-01-01,1,SF,011,1977, ,676,0.004887233,
48070,48071,0262 09140010,152258, ,2023-01-01,1,SF,011,1979, ,676,0.004889101,
62680,62681,0293 12  0001,177242, ,2023-01-01,1,TH,031,1974, ,656,0.004901899,
60238,60239,0293 12  0002,495801, ,2023-01-01,1,TH,031,1974, ,656,0.004912125,
48067,48068,0262 09020032,547946, ,2023-01-01,1,TH,031,1977, ,676,0.004917315,
55725,55726,0293 12  0003,497916, ,2023-01-01,1,TH,031,1974, ,656,0.004921092,
33485,33486,0262 097A0002,556716, ,2023-01-01,1,SF,011,1977, ,676,0.004925811,
77057,77058,0293 12  0004,496611, ,2023-01-01,1,TH,031,1974, ,656,0.004931525,
50089,50090,0262 096A0003,556732, ,2023-01-01,1,SF,011,1977, ,676,0.004931981,
19255,19256,0174 39010048,575035, ,2023-01-01,1,TH,031,2022, ,676,0.004936123,
62681,62682,0293 12  0005,221122, ,2023-01-01,1,TH,031,1974, ,656,0.004941969,
16721,16722,0174 39010056,575299, ,2023-01-01,1,TH,031,2022, ,676,0.004947837,
38642,38643,0294 12060104,488410, ,2023-01-01,1,LR,041,1997, ,658,0.004952295,
37863,37864,0293 12  0006,372783, ,2023-01-01,1,TH,031,1974, ,656,0.00495309,
47335,47336,0293 12  0007,369011, ,2023-01-01,1,TH,031,1974, ,656,0.00496535,
55894,55895,0293 12  0008,220669, ,2023-01-01,1,TH,031,1974, ,656,0.004977781,
37569,37570,0174 17020057,547972, ,2023-01-01,1,TH,031,1976, ,676,0.004981357,
48072,48073,0262 096A0004,556740, ,2023-01-01,1,SF,011,1977, ,676,0.004985861,
42548,42549,0262 09020033,546666, ,2023-01-01,1,TH,031,1976, ,676,0.004986801,
53080,53081,0262 097A0001,556721, ,2023-01-01,1,SF,011,1978, ,676,0.004991116,
77058,77059,0293 12  0009,395549, ,2023-01-01,1,TH,031,1974, ,656,0.004992077,
17916,17917,0174 39010047,575034, ,2023-01-01,1,TH,031,2022, ,676,0.005002282,
40847,40848,0262 09140017,545995, ,2023-01-01,1,SF,011,1979, ,676,0.005003393,
48316,48317,0262 09140009,547924, ,2023-01-01,1,SF,011,1979, ,676,0.005010358,
15314,15315,0174 39010057,575300, ,2023-01-01,1,TH,031,2022, ,676,0.005012259,
67769,67770,0293 12  0010,555928, ,2023-01-01,1,TH,031,1974, ,656,0.005024104,
57393,57394,0262 096A0005,556737, ,2023-01-01,1,SF,011,1977, ,676,0.005051345,
10609,10610,0174 17020056,547928, ,2023-01-01,1,TH,031,1976, ,676,0.00505241,
33483,33484,0262 09020034,547959, ,2023-01-01,1,TH,031,1976, ,676,0.005056296,
13284,13285,0174 39010046,575033, ,2023-01-01,1,TH,031,2022, ,676,0.005061871,
57612,57613,0174 39010058,575301, ,2023-01-01,1,TH,031,2022, ,676,0.005064715,
60239,60240,0293 12  0011,555926, ,2023-01-01,1,TH,031,1974, ,656,0.005067968,
47678,47679,0293 12  0012,555929, ,2023-01-01,1,TH,031,1974, ,656,0.005085773,
47679,47680,0293 12  0013,495055, ,2023-01-01,1,TH,031,1974, ,656,0.005102548,
24293,24294,0174 39010045,575032, ,2023-01-01,1,TH,031,2022, ,676,0.005114874,
73518,73519,0262 09020055,547915, ,2023-01-01,1,TH,031,1976, ,676,0.005115635,
16722,16723,0174 39010059,575302, ,2023-01-01,1,TH,031,2022, ,676,0.005117214,
67991,67992,0293 12  0014,339910, ,2023-01-01,1,TH,031,1974, ,656,0.005121259,
31939,31940,0262 09020035,546671, ,2023-01-01,1,TH,031,1976, ,676,0.005126229,
60240,60241,0293 12  0015,243115, ,2023-01-01,1,TH,031,1974, ,656,0.005139812,
59145,59146,0262 09140015,547971, ,2023-01-01,1,SF,011,1979, ,676,0.005142157,
17131,17132,0174 39010039A,578106, ,2023-01-01,1,TH,031,2022, ,676,0.005154763,
60687,60688,0293 12  0016,555930, ,2023-01-01,1,TH,031,1974, ,656,0.005162732,
42553,42554,0262 096A0006,556714, ,2023-01-01,1,SF,011,1977, ,676,0.005167026,
13283,13284,0174 39010044,575031, ,2023-01-01,1,TH,031,2022, ,676,0.005167907,
57613,57614,0174 39010060,575303, ,2023-01-01,1,TH,031,2022, ,676,0.005169754,
20748,20749,0174 39010040A,578107, ,2023-01-01,1,TH,031,2022, ,676,0.005174725,
55726,55727,0293 12  0017,399541, ,2023-01-01,1,TH,031,1974, ,656,0.005177143,
57388,57389,0262 09020054,546669, ,2023-01-01,1,TH,031,1976, ,676,0.005178947,
59806,59807,0293 12  0018,414503, ,2023-01-01,1,TH,031,1974, ,656,0.005193851,
13282,13283,0174 39010041,578108, ,2023-01-01,1,TH,031,2022, ,676,0.005194964,
38129,38130,0262 09020036,547910, ,2023-01-01,1,TH,031,1976, ,676,0.005204338,
62682,62683,0293 12  0019,513264, ,2023-01-01,1,TH,031,1974, ,656,0.005211959,
2290,2291,0174 39010043,578110, ,2023-01-01,1,TH,031,2022, ,676,0.005221132,
35163,35164,0174 39010061,575304, ,2023-01-01,1,TH,031,2022, ,676,0.005222333,
50992,50993,0262 096A0007,556734, ,2023-01-01,1,SF,011,1977, ,676,0.005228925,
55727,55728,0293 12  0020,513263, ,2023-01-01,1,TH,031,1974, ,656,0.005236972,
40844,40845,0262 09020053,547916, ,2023-01-01,1,TH,031,1976, ,676,0.005242346,
40846,40847,0262 09140016,545992, ,2023-01-01,1,SF,011,1978, ,676,0.005255878,
33400,33401,0294 04090212,445844, ,2023-01-01,1,LR,041,1974, ,658,0.005267946,
6140,6141,0174 39010042A,578109, ,2023-01-01,1,TH,031,2022, ,676,0.005271768,
13285,13286,0174 39010062,575305, ,2023-01-01,1,TH,031,2022, ,676,0.005274951,
73521,73522,0262 096A0008,556713, ,2023-01-01,1,SF,011,1977, ,676,0.005281825,
55895,55896,0293 12  0021,217592, ,2023-01-01,1,TH,031,1974, ,656,0.005299603,
31944,31945,0262 09140019,276025, ,2023-01-01,1,SF,011,1979, ,676,0.005303134,
45555,45556,0262 09140018,545987, ,2023-01-01,1,SF,011,1979, ,676,0.005312129,
50901,50902,0262 09020052,546657, ,2023-01-01,1,TH,031,1976, ,676,0.005314035,
57614,57615,0174 39010063,575306, ,2023-01-01,1,TH,031,2022, ,676,0.005327605,
38130,38131,0262 09020037,546655, ,2023-01-01,1,TH,031,1977, ,676,0.005356889,
60688,60689,0293 12  0022,263689, ,2023-01-01,1,TH,031,1974, ,656,0.005364308,
13281,13282,0174 39010038,575017, ,2023-01-01,1,TH,031,2022, ,676,0.005373285,
42550,42551,0262 09020051,547970, ,2023-01-01,1,TH,031,1976, ,676,0.005385469,
14864,14865,0174 39010037,575018, ,2023-01-01,1,TH,031,2022, ,676,0.005393212,
35164,35165,0174 39010064,575307, ,2023-01-01,1,TH,031,2022, ,676,0.005395844,
20172,20173,0174 39010036,578104, ,2023-01-01,1,TH,031,2022, ,676,0.005412552,
60241,60242,0293 12  0023,496331, ,2023-01-01,1,TH,031,1974, ,656,0.005415846,
53076,53077,0262 09020038,546664, ,2023-01-01,1,TH,031,1977, ,676,0.005421409,
6139,6140,0174 39010035A,578105, ,2023-01-01,1,TH,031,2022, ,676,0.005421708,
59146,59147,0262 09140022,546000, ,2023-01-01,1,SF,011,1978, ,676,0.005450303,
55985,55986,0262 131A0005,542168, ,2023-01-01,1,TH,031,1979, ,676,0.005458211,
20174,20175,0174 39010080,575329, ,2023-01-01,1,TH,031,2022, ,676,0.005458884,
61188,61189,0293 12  0024,498037, ,2023-01-01,1,TH,031,1974, ,656,0.005471006,
40841,40842,0262 09020039,547954, ,2023-01-01,1,TH,031,1977, ,676,0.00547353,
35165,35166,0174 39010065,575308, ,2023-01-01,1,TH,031,2022, ,676,0.005479705,
99783,99784,0293 24  0001,269188, ,2023-01-01,1,TH,031,1994, ,656,0.005492461,
16720,16721,0174 39010034,575021, ,2023-01-01,1,TH,031,2022, ,676,0.005494424,
60691,60692,0293 12  0047,499368, ,2023-01-01,1,TH,031,1974, ,656,0.005494616,
47681,47682,0293 12  0046,493981, ,2023-01-01,1,TH,031,1974, ,656,0.005515299,
67770,67771,0293 12  0045,152492, ,2023-01-01,1,TH,031,1974, ,656,0.005525624,
31940,31941,0262 09020040,547960, ,2023-01-01,1,TH,031,1977, ,676,0.005526429,
60689,60690,0293 12  0025,499758, ,2023-01-01,1,TH,031,1974, ,656,0.005526653,
57470,57471,0262 131A0006,542171, ,2023-01-01,1,TH,031,1979, ,676,0.005527663,
16724,16725,0174 39010079,575328, ,2023-01-01,1,TH,031,2022, ,676,0.005529264,
49752,49753,0262 131A0004,542167, ,2023-01-01,1,TH,031,1979, ,676,0.005536962,
77061,77062,0293 12  0044,408331, ,2023-01-01,1,TH,031,1974, ,656,0.005537013,
59418,59419,0262 131A0003,542216, ,2023-01-01,1,TH,031,1979, ,676,0.005540341,
25395,25396,0174 39010033,575022, ,2023-01-01,1,TH,031,2022, ,676,0.00554764,
4285,4286,0174 39010066,575309, ,2023-01-01,1,TH,031,2022, ,676,0.00554807,
77060,77061,0293 12  0043,219569, ,2023-01-01,1,TH,031,1974, ,656,0.005548143,
16717,16718,0174 39010001,575338, ,2023-01-01,1,TH,031,2021, ,676,0.005550237,
56507,56508,0262 131A0002,542195, ,2023-01-01,1,TH,031,1979, ,676,0.005554836,
60246,60247,0293 12  0042,495702, ,2023-01-01,1,TH,031,1974, ,656,0.005559969,
54767,54768,0262 131A0001,542586, ,2023-01-01,1,TH,031,1979, ,676,0.005563154,
95320,95321,0293 24  0009,529739, ,2023-01-01,1,TH,031,1995, ,656,0.005572176,
62684,62685,0293 12  0041,499741, ,2023-01-01,1,TH,031,1974, ,656,0.005573004,
55272,55273,0262 131A0007,542187, ,2023-01-01,1,TH,031,1978, ,676,0.005573496,
99184,99185,0293 24  0124,361743, ,2023-01-01,1,TH,031,1996, ,656,0.005576651,
50990,50991,0262 09140020,204262, ,2023-01-01,1,SF,011,1978, ,676,0.005582249,
95318,95319,0293 24  0002,529721, ,2023-01-01,1,TH,031,1994, ,656,0.005583564,
60245,60246,0293 12  0040,287147, ,2023-01-01,1,TH,031,1974, ,656,0.005585747,
68418,68419,0293 12  0026,170506, ,2023-01-01,1,TH,031,1974, ,656,0.005585951,
50085,50086,0262 09020041,547969, ,2023-01-01,1,TH,031,1977, ,676,0.005587177,
16723,16724,0174 39010078,575327, ,2023-01-01,1,TH,031,2021, ,676,0.005594297,
49547,49548,0303 28010002,583553, ,2023-01-01,18,TH,033,1968,GARDEN APARTMENT,658,0.005598143,
58014,58015,0174 39010032,575023, ,2023-01-01,1,TH,031,2022, ,676,0.005600885,
55686,55687,0174 39010067,575322, ,2023-01-01,1,TH,031,2022, ,676,0.0056009,
37864,37865,0293 12  0039,498562, ,2023-01-01,1,TH,031,1974, ,656,0.005605395,
95819,95820,0293 24  0123,365707, ,2023-01-01,1,TH,031,1996, ,656,0.005606325,
6138,6139,0174 39010002,575337, ,2023-01-01,1,TH,031,2021, ,676,0.00561348,
60908,60909,0262 131A0008,543045, ,2023-01-01,1,TH,031,1979, ,676,0.005619479,
40842,40843,0262 09020042,547932, ,2023-01-01,1,TH,031,1976, ,676,0.005623978,
111902,111903,0293 24  0122,329881, ,2023-01-01,1,TH,031,1996, ,656,0.005631763,
45113,45114,0262 09140025,545997, ,2023-01-01,1,SF,011,1979, ,676,0.005641904,
48021,48022,0174 39010026A,578103, ,2023-01-01,1,TH,031,2022, ,676,0.005643593,
60242,60243,0293 12  0027,150392, ,2023-01-01,1,TH,031,1974, ,656,0.005647456,
17132,17133,0174 39010077,575326, ,2023-01-01,1,TH,031,2022, ,676,0.005652888,
14867,14868,0174 39010068,575323, ,2023-01-01,1,TH,031,2022, ,676,0.005653762,
73737,73738,0174 39010031,575024, ,2023-01-01,1,TH,031,2022, ,676,0.005654153,
36072,36073,0293 24  0121,241547, ,2023-01-01,1,TH,031,1996, ,656,0.005659248,
16718,16719,0174 39010027,575015, ,2023-01-01,1,TH,031,2022, ,676,0.00566345,
49102,49103,0293 24  0003,529723, ,2023-01-01,1,TH,031,1994, ,656,0.005664365,
55646,55647,0262 131A0009,542225, ,2023-01-01,1,TH,031,1979, ,676,0.0056682,
17130,17131,0174 39010003,575336, ,2023-01-01,1,TH,031,2022, ,676,0.005671441,
95319,95320,0293 24  0008,529735, ,2023-01-01,1,TH,031,1995, ,656,0.005672332,
47677,47678,0293 11  0199,545323, ,2023-01-01,1,SF,011,1965, ,655,0.005680267,
48022,48023,0174 39010028,578102, ,2023-01-01,1,TH,031,2022, ,676,0.005682341,
48442,48443,0293 24  0120,215242, ,2023-01-01,1,TH,031,1996, ,656,0.005690378,
42549,42550,0262 09020043,547961, ,2023-01-01,1,TH,031,1976, ,676,0.005696012,
47403,47404,0174 17  0001C,553076, ,2023-01-01,105,LR,076,2020,SENIOR ASSISTED LIVING,676,0.005702144,
25397,25398,0174 39010076,575325, ,2023-01-01,1,TH,031,2022, ,676,0.005705017,
47680,47681,0293 12  0038,497379, ,2023-01-01,1,TH,031,1974, ,656,0.005706421,
19256,19257,0174 39010069,575311, ,2023-01-01,1,TH,031,2022, ,676,0.005706653,
13280,13281,0174 39010030,575025, ,2023-01-01,1,TH,031,2022, ,676,0.005707448,
47336,47337,0293 12  0028,498126, ,2023-01-01,1,TH,031,1974, ,656,0.00571728,
50991,50992,0262 09140021,232764, ,2023-01-01,1,SF,011,1978, ,676,0.005720821,
62394,62395,0262 131A0010,542240, ,2023-01-01,1,TH,031,1979, ,676,0.005727621,
60690,60691,0293 12  0037,491342, ,2023-01-01,1,TH,031,1974, ,656,0.005729608,
19253,19254,0174 39010004,575335, ,2023-01-01,1,TH,031,2021, ,676,0.005735923,
38910,38911,0293 24  0119,298470, ,2023-01-01,1,TH,031,1995, ,656,0.005742717,
77059,77060,0293 12  0036,496604, ,2023-01-01,1,TH,031,1974, ,656,0.005745579,
103046,103047,0293 24  0004,529730, ,2023-01-01,1,TH,031,1994, ,656,0.005749299,
103627,103628,0293 24  0007,529724, ,2023-01-01,1,TH,031,1995, ,656,0.005754114,
16719,16720,0174 39010029A,578101, ,2023-01-01,1,TH,031,2022, ,676,0.005758261,
25396,25397,0174 39010075,575324, ,2023-01-01,1,TH,031,2022, ,676,0.005763713,
60244,60245,0293 12  0035,183733, ,2023-01-01,1,TH,031,1974, ,656,0.005764594,
33484,33485,0262 09140026,542224, ,2023-01-01,1,SF,011,1979, ,676,0.005765857,
73739,73740,0174 39010070,575312, ,2023-01-01,1,TH,031,2022, ,676,0.005766189,
48311,48312,0262 09020044,547953, ,2023-01-01,1,TH,031,1976, ,676,0.005773482,
51504,51505,0293 24  0118,194476, ,2023-01-01,1,TH,031,1995, ,656,0.005781876,
67993,67994,0293 12  0034,315933, ,2023-01-01,1,TH,031,1974, ,656,0.005784523,
111415,111416,0293 24  0055,248567, ,2023-01-01,1,TH,031,1995, ,656,0.005788762,
46275,46276,0303 01  0006A,580037, ,2023-01-01,222,HR,046,2015,ELEVATOR APARTMENT,658,0.005798935,
16399,16400,0174 39010005,575334, ,2023-01-01,1,TH,031,2021, ,676,0.005800491,
67992,67993,0293 12  0033,168760, ,2023-01-01,1,TH,031,1974, ,656,0.005804321,
38723,38724,0294 04100111,425995, ,2023-01-01,1,LR,041,1974, ,658,0.005816002,
39506,39507,0293 24  0117,137014, ,2023-01-01,1,TH,031,1995, ,656,0.005816931,
62683,62684,0293 12  0032,268086, ,2023-01-01,1,TH,031,1974, ,656,0.005824878,
48068,48069,0262 09020045,546667, ,2023-01-01,1,TH,031,1976, ,676,0.00582713,
33315,33316,0294 17  0114,573692, ,2023-01-01,1,MR,043,2020, ,658,0.005827793,
23535,23536,0174 39010074,575321, ,2023-01-01,1,TH,031,2022, ,676,0.005828992,
53078,53079,0262 09140023,545982, ,2023-01-01,1,SF,011,1979, ,676,0.00583018,
99023,99024,0293 24  0116,392230, ,2023-01-01,1,TH,031,1995, ,656,0.005833017,
20173,20174,0174 39010071,575313, ,2023-01-01,1,TH,031,2022, ,676,0.005837892,
36770,36771,0293 24  0005,337061, ,2023-01-01,1,TH,031,1994, ,656,0.005844832,
103047,103048,0293 24  0006,127590, ,2023-01-01,1,TH,031,1995, ,656,0.005845408,
66087,66088,0293 12  0031,499753, ,2023-01-01,1,TH,031,1974, ,656,0.005846544,
39205,39206,0303 28010001A,580097, ,2023-01-01,319,HR,046,2018,ELEVATOR APARTMENT,658,0.005847869,
26753,26754,0293 24  0115,156555, ,2023-01-01,1,TH,031,1995, ,656,0.005855172,
2289,2290,0174 39010006,575333, ,2023-01-01,1,TH,031,2021, ,676,0.005865133,
40642,40643,0262 09020046,546662, ,2023-01-01,1,TH,031,1976, ,676,0.005867005,
59413,59414,0262 13030039,546007, ,2023-01-01,1,SF,011,1980, ,676,0.00586738,
60243,60244,0293 12  0030,495710, ,2023-01-01,1,TH,031,1974, ,656,0.005871998,
49106,49107,0293 24  0056,257504, ,2023-01-01,1,TH,031,1995, ,656,0.005878388,
47337,47338,0293 12  0029,495470, ,2023-01-01,1,TH,031,1974, ,656,0.00588881,
58015,58016,0174 39010073,575320, ,2023-01-01,1,TH,031,2022, ,676,0.005894339,
36071,36072,0293 24  0114,319201, ,2023-01-01,1,TH,031,1997, ,656,0.005896834,
38131,38132,0262 09020047,547952, ,2023-01-01,1,TH,031,1976, ,676,0.005907847,
25392,25393,0174 39010007,575332, ,2023-01-01,1,TH,031,2021, ,676,0.005929852,
39505,39506,0293 24  0113,430517, ,2023-01-01,1,TH,031,1997, ,656,0.005931471,
73516,73517,0262 09020048,547920, ,2023-01-01,1,TH,031,1976, ,676,0.005954564,
57471,57472,0262 131A0011,542145, ,2023-01-01,1,TH,031,1979, ,676,0.005956226,
26752,26753,0293 24  0112,129829, ,2023-01-01,1,TH,031,1997, ,656,0.005958089,
37985,37986,0262 131A0018,542191, ,2023-01-01,1,TH,031,1979, ,676,0.005958449,
115485,115486,0293 24  0057,209955, ,2023-01-01,1,TH,031,1995, ,656,0.005962138,
16212,16213,0174 39010072,575319, ,2023-01-01,1,TH,031,2022, ,676,0.005965208,
67990,67991,0293 11  0198,403742, ,2023-01-01,1,SF,011,1965, ,655,0.005966769,
51503,51504,0293 24  0111,161194, ,2023-01-01,1,TH,031,1997, ,656,0.005985369,
61752,61753,0262 131A0019,542230, ,2023-01-01,1,TH,031,1979, ,676,0.005986514,
25393,25394,0174 39010008,575331, ,2023-01-01,1,TH,031,2021, ,676,0.005988164,
53079,53080,0262 09140024,546004, ,2023-01-01,1,SF,011,1979, ,676,0.005994212,
43466,43467,0262 131A0012,542138, ,2023-01-01,1,TH,031,1979, ,676,0.005996596,
40843,40844,0262 09020049,546675, ,2023-01-01,1,TH,031,1976, ,676,0.005997202,
101115,101116,0293 19  0006A,492059, ,2023-01-01,1,TH,031,1982, ,656,0.006001564,
58261,58262,0262 131A0020,542218, ,2023-01-01,1,TH,031,1979, ,676,0.006007895,
46053,46054,0293 24  0110,405508, ,2023-01-01,1,TH,031,1997, ,656,0.006015473,
55986,55987,0262 131A0013,542175, ,2023-01-01,1,TH,031,1979, ,676,0.006027814,
60248,60249,0293 14  0040,368006, ,2023-01-01,1,SF,011,1978, ,655,0.006039997,
62395,62396,0262 131A0021,542157, ,2023-01-01,1,TH,031,1979, ,676,0.006045112,
73517,73518,0262 09020050,547966, ,2023-01-01,1,TH,031,1976, ,676,0.006048008,
103051,103052,0293 24  0058,149741, ,2023-01-01,1,TH,031,1995, ,656,0.006048149,
19571,19572,0174 39010009,575330, ,2023-01-01,1,TH,031,2021, ,676,0.006054828,
99183,99184,0293 24  0109,393911, ,2023-01-01,1,TH,031,1995, ,656,0.006062326,
55987,55988,0262 131A0014,542233, ,2023-01-01,1,TH,031,1979, ,676,0.006063351,
95312,95313,0293 19  0005A,495057, ,2023-01-01,1,TH,031,1982, ,656,0.006079139,
55647,55648,0262 131A0022,542207, ,2023-01-01,1,TH,031,1979, ,676,0.006079986,
34489,34490,0293 17020902,451643, ,2023-01-01,1,HR,045,1978, ,656,0.006083114,
35146,35147,0294 04070301,453669, ,2023-01-01,1,LR,041,1974, ,658,0.006088526,
56501,56502,0262 13030040,237067, ,2023-01-01,1,SF,011,1979, ,676,0.006090666,
57576,57577,0262 131A0015,542231, ,2023-01-01,1,TH,031,1979, ,676,0.006094248,
95311,95312,0293 17060002,450414, ,2023-01-01,1,MP,035,1978, ,656,0.006098613,
51502,51503,0293 24  0108,340324, ,2023-01-01,1,TH,031,1995, ,656,0.006098899,
44475,44476,0293 24  0010,387724, ,2023-01-01,1,TH,031,1994, ,656,0.006123088,
60342,60343,0262 131A0016,542229, ,2023-01-01,1,TH,031,1979, ,676,0.006125222,
99182,99183,0293 24  0107,263841, ,2023-01-01,1,TH,031,1995, ,656,0.006128025,
15313,15314,0174 39010015,575310, ,2023-01-01,1,TH,031,2022, ,676,0.006132333,
47089,47090,0293 24  0011,298570, ,2023-01-01,1,TH,031,1994, ,656,0.006138904,
100225,100226,0293 24  0059,275792, ,2023-01-01,1,TH,031,1995, ,656,0.00613956,
103621,103622,0293 19  0004A,200231, ,2023-01-01,1,TH,031,1982, ,656,0.006146305,
36073,36074,0293 25  0001,325393, ,2023-01-01,1,TH,031,1997, ,656,0.006153426,
116891,116892,0293 24  0015,129407, ,2023-01-01,1,TH,031,1994, ,656,0.006153868,
58670,58671,0293 14  0039A,156687, ,2023-01-01,1,SF,011,1978, ,655,0.006155584,
46055,46056,0293 25  0016,529710, ,2023-01-01,1,TH,031,1997, ,656,0.006156457,
44476,44477,0293 24  0012,336852, ,2023-01-01,1,TH,031,1995, ,656,0.006157096,
35162,35163,0174 39010014,575314, ,2023-01-01,1,TH,031,2021, ,676,0.00615711,
39508,39509,0293 25  0015,529746, ,2023-01-01,1,TH,031,1997, ,656,0.00615993,
50603,50604,0293 24  0106,237334, ,2023-01-01,1,TH,031,1995, ,656,0.006159953,
45228,45229,0293 24  0014,361922, ,2023-01-01,1,TH,031,1994, ,656,0.006163209,
94607,94608,0262 131A0017,542217, ,2023-01-01,1,TH,031,1979, ,676,0.006164705,
97635,97636,0293 25  0014,529738, ,2023-01-01,1,TH,031,1997, ,656,0.006168634,
26755,26756,0293 25  0013,529745, ,2023-01-01,1,TH,031,1997, ,656,0.006172938,
39731,39732,0293 24  0016,260799, ,2023-01-01,1,TH,031,1995, ,656,0.006175133,
95321,95322,0293 24  0013,278965, ,2023-01-01,1,TH,031,1994, ,656,0.006175321,
59805,59806,0293 11  0200,545314, ,2023-01-01,1,SF,011,1965, ,655,0.006176107,
25394,25395,0174 39010013,575315, ,2023-01-01,1,TH,031,2021, ,676,0.006177568,
50604,50605,0293 25  0012,272168, ,2023-01-01,1,TH,031,1997, ,656,0.006180533,
51666,51667,0293 24  0105,155972, ,2023-01-01,1,TH,031,1995, ,656,0.006193527,
103048,103049,0293 24  0017,197538, ,2023-01-01,1,TH,031,1994, ,656,0.006194127,
20171,20172,0174 39010012,575316, ,2023-01-01,1,TH,031,2022, ,676,0.006198312,
4284,4285,0174 39010010,575318, ,2023-01-01,1,TH,031,2021, ,676,0.006199632,
47676,47677,0293 11  0197,161737, ,2023-01-01,1,SF,011,1966, ,655,0.006203866,
49099,49100,0293 19  0003A,491776, ,2023-01-01,1,TH,031,1982, ,656,0.00620966,
19254,19255,0174 39010011,575317, ,2023-01-01,1,TH,031,2021, ,676,0.006219651,
99784,99785,0293 24  0018,386338, ,2023-01-01,1,TH,031,1994, ,656,0.006221963,
50602,50603,0293 24  0104,200046, ,2023-01-01,1,TH,031,1995, ,656,0.006231533,
101267,101268,0293 21  0011,529744, ,2023-01-01,1,TH,031,1984, ,656,0.006239202,
35147,35148,0294 04080110,452645, ,2023-01-01,1,LR,041,1974, ,658,0.006253852,
37986,37987,0262 131A0023,542188, ,2023-01-01,1,TH,031,1979, ,676,0.006256998,
39730,39731,0293 19  0002A,306613, ,2023-01-01,1,TH,031,1982, ,656,0.006270562,
50374,50375,0291 19010063,547407, ,2023-01-01,1,LR,041,1999, ,655,0.006278166,
36074,36075,0293 25  0002,529719, ,2023-01-01,1,TH,031,1997, ,656,0.006279734,
95324,95325,0293 24  0060,493879, ,2023-01-01,1,TH,031,1995, ,656,0.006299698,
50087,50088,0262 09130002,542249, ,2023-01-01,1,SF,011,1978, ,676,0.006312842,
55729,55730,0293 14  0041,337505, ,2023-01-01,1,SF,011,1977, ,655,0.006314172,
111420,111421,0293 24  0103,299581, ,2023-01-01,1,TH,031,1994, ,656,0.006314608,
57577,57578,0262 131A0024,542134, ,2023-01-01,1,TH,031,1979, ,676,0.006316495,
62391,62392,0262 13030041,542180, ,2023-01-01,1,SF,011,1979, ,676,0.006319473,
50375,50376,0291 19020078,547411, ,2023-01-01,1,LR,041,1999, ,655,0.006327872,
36820,36821,0303 27130112,451487, ,2023-01-01,1,LR,041,1974, ,658,0.00633958,
106065,106066,0293 24  0102,212728, ,2023-01-01,1,TH,031,1994, ,656,0.006343904,
67982,67983,0293 01  0016,516638, ,2023-01-01,274,MR,042,1976,SUBSIDIZED APARTMENT,655,0.006348762,
53035,53036,0293 19  0001A,402524, ,2023-01-01,1,TH,031,1982, ,656,0.006351027,
101268,101269,0293 21  0012,281801, ,2023-01-01,1,TH,031,1984, ,656,0.006351719,
49101,49102,0293 21  0010,148511, ,2023-01-01,1,TH,031,1983, ,656,0.006353019,
62396,62397,0262 131A0025,542165, ,2023-01-01,1,TH,031,1979, ,676,0.006367685,
47092,47093,0293 24  0101,321422, ,2023-01-01,1,TH,031,1994, ,656,0.006368061,
66866,66867,0262 13010001,328315, ,2023-01-01,1,TH,031,1977, ,676,0.00637436,
38225,38226,0262 09130003,164331, ,2023-01-01,1,SF,011,1978, ,676,0.006375228,
62688,62689,0293 14  0029A,170786, ,2023-01-01,1,SF,011,1978, ,655,0.006387316,
55979,55980,0262 13010006,542136, ,2023-01-01,1,TH,031,1977, ,676,0.006390748,
53040,53041,0293 24  0100,277005, ,2023-01-01,1,TH,031,1994, ,656,0.006391969,
40826,40827,0293 24  0061,500185, ,2023-01-01,1,TH,031,1996, ,656,0.006392907,
74294,74295,0293 14  0038,135708, ,2023-01-01,1,SF,011,1978, ,655,0.006399529,
40644,40645,0262 09130001,542204, ,2023-01-01,1,SF,011,1978, ,676,0.006401097,
50376,50377,0291 19030041,547513, ,2023-01-01,1,LR,041,1999, ,655,0.006405974,
62397,62398,0262 131A0026,542246, ,2023-01-01,1,TH,031,1979, ,676,0.0064119,
120627,120628,0293 24  0099,254672, ,2023-01-01,1,TH,031,1994, ,656,0.006420743,
58668,58669,0293 11  0196,569567, ,2023-01-01,1,SF,011,1966, ,655,0.006429112,
115483,115484,0293 21  0013,193127, ,2023-01-01,1,TH,031,1984, ,656,0.006431047,
116740,116741,0293 24  0027,224993, ,2023-01-01,1,TH,031,1995, ,656,0.006435325,
51667,51668,0293 25  0003,365477, ,2023-01-01,1,TH,031,1997, ,656,0.006440594,
68404,68405,0293 01  0017,545329, ,2023-01-01,1,SF,813,1941, ,655,0.006441964,
43926,43927,0293 21  0009,425776, ,2023-01-01,1,TH,031,1983, ,656,0.006445478,
60338,60339,0262 13010007,542163, ,2023-01-01,1,TH,031,1977, ,676,0.006450526,
45229,45230,0293 24  0026,177386, ,2023-01-01,1,TH,031,1995, ,656,0.006450848,
61745,61746,0262 13010002,344485, ,2023-01-01,1,TH,031,1977, ,676,0.006451705,
66074,66075,0293 01  0015,167547, ,2023-01-01,1,SF,813,1925, ,655,0.006454865,
55891,55892,0293 11  0098,545305, ,2023-01-01,1,SF,011,1965, ,655,0.006456895,
59102,59103,0293 24  0025,130648, ,2023-01-01,1,TH,031,1995, ,656,0.006465083,
94608,94609,0262 131A0027,542176, ,2023-01-01,1,TH,031,1979, ,676,0.006475444,
49107,49108,0293 24  0062,495046, ,2023-01-01,1,TH,031,1995, ,656,0.006475923,
116745,116746,0293 24  0098,323582, ,2023-01-01,1,TH,031,1994, ,656,0.006483488,
44478,44479,0293 24  0024,365227, ,2023-01-01,1,TH,031,1995, ,656,0.006483786,
46579,46580,0293 26010006,541673, ,2023-01-01,1,TH,032,1996, ,656,0.006492954,
44477,44478,0293 24  0023,335088, ,2023-01-01,1,TH,031,1995, ,656,0.006499256,
48314,48315,0262 09130004,179554, ,2023-01-01,1,SF,011,1978, ,676,0.006501935,
58255,58256,0262 13010003,356959, ,2023-01-01,1,TH,031,1977, ,676,0.006503853,
56500,56501,0262 13010008,542208, ,2023-01-01,1,TH,031,1977, ,676,0.006503928,
47090,47091,0293 24  0021,346796, ,2023-01-01,1,TH,031,1995, ,656,0.006505275,
100222,100223,0293 21  0014,186393, ,2023-01-01,1,TH,031,1984, ,656,0.006509967,
53039,53040,0293 24  0022,145344, ,2023-01-01,1,TH,031,1995, ,656,0.006513648,
103049,103050,0293 24  0020,399777, ,2023-01-01,1,TH,031,1995, ,656,0.006516726,
40828,40829,0293 24  0097,131146, ,2023-01-01,1,TH,031,1994, ,656,0.006517389,
35863,35864,0293 17040303,424383, ,2023-01-01,1,HR,045,1980, ,655,0.006518233,
120118,120119,0293 21  0008,392527, ,2023-01-01,1,TH,031,1983, ,656,0.00652839,
55898,55899,0293 14  0028A,153300, ,2023-01-01,1,SF,011,1978, ,655,0.006528852,
111904,111905,0293 26010005,446414, ,2023-01-01,1,TH,032,1996, ,656,0.006531092,
100219,100220,0293 19  0007,499307, ,2023-01-01,1,TH,031,1982, ,656,0.006533659,
59101,59102,0293 24  0019,368222, ,2023-01-01,1,TH,031,1995, ,656,0.006540211,
51505,51506,0293 25  0004,412180, ,2023-01-01,1,TH,031,1997, ,656,0.006543993,
106064,106065,0293 24  0096,139700, ,2023-01-01,1,TH,031,1994, ,656,0.006547026,
55642,55643,0262 13030042,542197, ,2023-01-01,1,SF,011,1979, ,676,0.006551382,
58256,58257,0262 13010004,252018, ,2023-01-01,1,TH,031,1977, ,676,0.00655468,
111416,111417,0293 24  0063,264058, ,2023-01-01,1,TH,031,1995, ,656,0.006557961,
33134,33135,0262 13010009,414133, ,2023-01-01,1,TH,031,1977, ,676,0.006564384,
67772,67773,0293 14  0042,168633, ,2023-01-01,1,SF,011,1978, ,655,0.006565611,
95820,95821,0293 26010004,435812, ,2023-01-01,1,TH,032,1996, ,656,0.006570071,
111419,111420,0293 24  0095,316557, ,2023-01-01,1,TH,031,1994, ,656,0.006577295,
43927,43928,0293 21  0015,252470, ,2023-01-01,1,TH,031,1984, ,656,0.006588275,
35851,35852,0293 17030421,452381, ,2023-01-01,1,HR,045,1978, ,656,0.006604817,
46054,46055,0293 25  0006,234431, ,2023-01-01,1,TH,031,1997, ,656,0.006607073,
115488,115489,0293 24  0094,407429, ,2023-01-01,1,TH,031,1994, ,656,0.006608897,
43925,43926,0293 21  0007,338535, ,2023-01-01,1,TH,031,1983, ,656,0.006609845,
26754,26755,0293 25  0007,285673, ,2023-01-01,1,TH,031,1997, ,656,0.006612242,
95313,95314,0293 19  0008,498141, ,2023-01-01,1,TH,031,1982, ,656,0.006615295,
36075,36076,0293 25  0008,362005, ,2023-01-01,1,TH,031,1997, ,656,0.006616297,
60697,60698,0293 14  0037,140626, ,2023-01-01,1,SF,011,1977, ,655,0.006622302,
55638,55639,0262 13010005,542158, ,2023-01-01,1,TH,031,1977, ,676,0.006629028,
111903,111904,0293 25  0009,529741, ,2023-01-01,1,TH,031,1996, ,656,0.006629304,
101272,101273,0293 24  0092,365910, ,2023-01-01,1,TH,031,1996, ,656,0.006632629,
45111,45112,0262 09130005,201176, ,2023-01-01,1,SF,011,1978, ,676,0.006636791,
46578,46579,0293 25  0010,355659, ,2023-01-01,1,TH,031,1997, ,656,0.006638163,
37987,37988,0262 131A0028,542209, ,2023-01-01,1,TH,031,1979, ,676,0.006642919,
99024,99025,0293 25  0011,529716, ,2023-01-01,1,TH,031,1996, ,656,0.006644505,
103055,103056,0293 24  0093,240880, ,2023-01-01,1,TH,031,1994, ,656,0.006646896,
39507,39508,0293 25  0005,289735, ,2023-01-01,1,TH,031,1997, ,656,0.006651976,
100226,100227,0293 24  0064,272171, ,2023-01-01,1,TH,031,1995, ,656,0.006654019,
115487,115488,0293 24  0091,339927, ,2023-01-01,1,TH,031,1996, ,656,0.006661528,
59800,59801,0293 11  0096,545337, ,2023-01-01,1,SF,011,1965, ,655,0.006665895,
26763,26764,0293 26010408,444609, ,2023-01-01,1,LR,041,1996, ,656,0.006680211,
103626,103627,0293 21  0016,129296, ,2023-01-01,1,TH,031,1984, ,656,0.006681297,
45226,45227,0293 19  0009,498145, ,2023-01-01,1,TH,031,1982, ,656,0.006683405,
55899,55900,0293 14  0030,253381, ,2023-01-01,1,SF,011,1978, ,655,0.006684274,
47675,47676,0293 11  0195,405150, ,2023-01-01,1,SF,011,1966, ,655,0.006685605,
95327,95328,0293 24  0090,223705, ,2023-01-01,1,TH,031,1996, ,656,0.006686565,
66090,66091,0293 14  0027A,214625, ,2023-01-01,1,SF,011,1978, ,655,0.00669113,
3522,3523,0183 06  0006A,584348, ,2023-01-01,242,MR,042,2020,ELEVATOR APARTMENT,676,0.0066914,
55980,55981,0262 13010010,171923, ,2023-01-01,1,TH,031,1977, ,676,0.006696665,
99781,99782,0293 21  0006,246778, ,2023-01-01,1,TH,031,1983, ,656,0.006697569,
36086,36087,0293 26020409,541728, ,2023-01-01,1,LR,041,1997, ,656,0.006708929,
66415,66416,0392 34  0814,449148, ,2023-01-01,1,HR,047,1986, ,657,0.006712682,
103054,103055,0293 24  0089,398398, ,2023-01-01,1,TH,031,1996, ,656,0.006712978,
33145,33146,0262 131A0029,542184, ,2023-01-01,1,TH,031,1979, ,676,0.006719727,
79814,79815,0294 06  0095C,573554, ,2023-01-01,390,MR,042,2022,ELEVATOR APARTMENT,658,0.006739725,
95326,95327,0293 24  0088,383218, ,2023-01-01,1,TH,031,1996, ,656,0.006743528,
46821,46822,0293 11  0097,545316, ,2023-01-01,1,SF,011,1965, ,655,0.006746925,
116889,116890,0293 19  0010,321964, ,2023-01-01,1,TH,031,1982, ,656,0.006754728,
42148,42149,0303 27110303,448650, ,2023-01-01,1,LR,041,1974, ,658,0.006758978,
47330,47331,0293 11  0095,545338, ,2023-01-01,1,SF,011,1965, ,655,0.006759126,
49742,49743,0262 13010011,395654, ,2023-01-01,1,TH,031,1977, ,676,0.006764274,
38922,38923,0293 27  0001A,547426, ,2023-01-01,1,TH,031,1998, ,655,0.006770549,
58262,58263,0262 131A0030,542210, ,2023-01-01,1,TH,031,1979, ,676,0.006773353,
66868,66869,0262 13030043,424557, ,2023-01-01,1,SF,011,1982, ,676,0.006779995,
73215,73216,0391 35  0001,317742, ,2023-01-01,1,TH,031,1993, ,656,0.006783611,
57389,57390,0262 09130015,161414, ,2023-01-01,1,SF,011,1978, ,676,0.006789246,
95316,95317,0293 21  0005,333782, ,2023-01-01,1,TH,031,1982, ,656,0.006789398,
50609,50610,0293 26020007,541687, ,2023-01-01,1,TH,032,1997, ,656,0.006791373,
59657,59658,0293 01  0017A,386028, ,2023-01-01,1,SF,813,1962, ,655,0.006792318,
111418,111419,0293 24  0087,186848, ,2023-01-01,1,TH,031,1995, ,656,0.006798922,
53077,53078,0262 09130006,140487, ,2023-01-01,1,SF,011,1978, ,676,0.006804169,
36076,36077,0293 26010003,497375, ,2023-01-01,1,TH,032,1996, ,656,0.006808708,
48451,48452,0293 27  0002A,547434, ,2023-01-01,1,TH,031,1998, ,655,0.0068161,
96865,96866,0293 26020008,541714, ,2023-01-01,1,TH,032,1997, ,656,0.006816713,
61190,61191,0293 14  0043,144212, ,2023-01-01,1,SF,011,1978, ,655,0.0068174,
43461,43462,0262 13010012,147042, ,2023-01-01,1,TH,031,1977, ,676,0.006819264,
49108,49109,0293 24  0065,496320, ,2023-01-01,1,TH,031,1996, ,656,0.006819385,
62398,62399,0262 131A0031,542162, ,2023-01-01,1,TH,031,1979, ,676,0.006819458,
47339,47340,0293 14  0036,222379, ,2023-01-01,1,SF,011,1978, ,655,0.006823132,
100220,100221,0293 19  0011,145326, ,2023-01-01,1,TH,031,1982, ,656,0.006825536,
103628,103629,0293 24  0086,156328, ,2023-01-01,1,TH,031,1995, ,656,0.00683474,
59662,59663,0293 11  0094,545309, ,2023-01-01,1,SF,011,1965, ,655,0.006841262,
95825,95826,0293 26020009,541671, ,2023-01-01,1,TH,032,1997, ,656,0.006845195,
44474,44475,0293 21  0017,221796, ,2023-01-01,1,TH,031,1984, ,656,0.006852839,
50379,50380,0291 19050009,547510, ,2023-01-01,1,LR,041,1998, ,655,0.006855749,
49103,49104,0293 24  0028,138439, ,2023-01-01,1,TH,031,1995, ,656,0.006859902,
50612,50613,0293 27  0003A,222185, ,2023-01-01,1,TH,031,1998, ,655,0.006860706,
95325,95326,0293 24  0085,303544, ,2023-01-01,1,TH,031,1995, ,656,0.006863707,
36768,36769,0293 21  0004,162301, ,2023-01-01,1,TH,031,1982, ,656,0.006868891,
111413,111414,0293 24  0029,178984, ,2023-01-01,1,TH,031,1995, ,656,0.006870081,
49743,49744,0262 13010013,190325, ,2023-01-01,1,TH,031,1977, ,676,0.006875853,
71633,71634,0391 35  0002,429195, ,2023-01-01,1,TH,031,1993, ,656,0.006877075,
46056,46057,0293 26010002,496314, ,2023-01-01,1,TH,032,1996, ,656,0.006877655,
50988,50989,0262 09130014,182587, ,2023-01-01,1,SF,011,1978, ,676,0.006882467,
50088,50089,0262 09130007,125795, ,2023-01-01,1,SF,011,1978, ,676,0.006886459,
95322,95323,0293 24  0030,321413, ,2023-01-01,1,TH,031,1995, ,656,0.006887099,
58263,58264,0262 131A0032,542141, ,2023-01-01,1,TH,031,1979, ,676,0.00689046,
59720,59721,0291 17  0004,132029, ,2023-01-01,1,SF,011,1998, ,655,0.006891226,
62689,62690,0293 14  0031,164354, ,2023-01-01,1,SF,011,1978, ,655,0.006893988,
116744,116745,0293 24  0084,334739, ,2023-01-01,1,TH,031,1995, ,656,0.006894,
59097,59098,0293 19  0012,227878, ,2023-01-01,1,TH,031,1982, ,656,0.006895686,
40824,40825,0293 24  0031,430691, ,2023-01-01,1,TH,031,1995, ,656,0.006902116,
99027,99028,0293 27  0004A,218564, ,2023-01-01,1,TH,031,1998, ,655,0.006905793,
103052,103053,0293 24  0066,248634, ,2023-01-01,1,TH,031,1996, ,656,0.006918348,
116892,116893,0293 24  0032,386209, ,2023-01-01,1,TH,031,1995, ,656,0.006922718,
100224,100225,0293 24  0033,130080, ,2023-01-01,1,TH,031,1995, ,656,0.006924631,
103053,103054,0293 24  0083,373543, ,2023-01-01,1,TH,031,1995, ,656,0.006926043,
116741,116742,0293 24  0035,341140, ,2023-01-01,1,TH,031,1995, ,656,0.006933409,
37977,37978,0262 13010014,233657, ,2023-01-01,1,TH,031,1977, ,676,0.006933762,
40825,40826,0293 24  0034,291964, ,2023-01-01,1,TH,031,1995, ,656,0.006936388,
36666,36667,0293 11  0093,545318, ,2023-01-01,1,SF,011,1965, ,655,0.006943889,
18468,18469,0183 10  0006,564471, ,2023-01-01,1,MP,035,2018, ,676,0.006947939,
95315,95316,0293 21  0003,426147, ,2023-01-01,1,TH,031,1982, ,656,0.006948447,
59098,59099,0293 21  0018,223162, ,2023-01-01,1,TH,031,1984, ,656,0.006950858,
38911,38912,0293 26010001,452780, ,2023-01-01,1,TH,032,1996, ,656,0.006951722,
63828,63829,0391 35  0003,187043, ,2023-01-01,1,TH,031,1993, ,656,0.006952348,
48315,48316,0262 09130013,354498, ,2023-01-01,1,SF,011,1978, ,676,0.006954717,
26766,26767,0293 27  0005A,183764, ,2023-01-01,1,TH,031,1998, ,655,0.00695794,
49104,49105,0293 24  0036,361977, ,2023-01-01,1,TH,031,1995, ,656,0.006962793,
106063,106064,0293 24  0082,328553, ,2023-01-01,1,TH,031,1995, ,656,0.006966615,
103622,103623,0293 19  0013,180324, ,2023-01-01,1,TH,031,1982, ,656,0.006967998,
74293,74294,0293 14  0035,368325, ,2023-01-01,1,SF,011,1977, ,655,0.006976274,
116738,116739,0293 21  0021,127307, ,2023-01-01,1,TH,031,1984, ,656,0.00698354,
59099,59100,0293 21  0023,253236, ,2023-01-01,1,TH,031,1984, ,656,0.006985423,
116739,116740,0293 21  0022,126908, ,2023-01-01,1,TH,031,1984, ,656,0.00698626,
100223,100224,0293 21  0020,254677, ,2023-01-01,1,TH,031,1984, ,656,0.006986278,
59100,59101,0293 21  0025,233473, ,2023-01-01,1,TH,031,1984, ,656,0.006986825,
53038,53039,0293 21  0024,359377, ,2023-01-01,1,TH,031,1984, ,656,0.006988444,
64610,64611,0262 13010015,362396, ,2023-01-01,1,TH,031,1977, ,676,0.00699053,
47088,47089,0293 21  0026,264233, ,2023-01-01,1,TH,031,1984, ,656,0.006992077,
100227,100228,0293 24  0067,246716, ,2023-01-01,1,TH,031,1996, ,656,0.00699534,
99782,99783,0293 21  0027,430407, ,2023-01-01,1,TH,031,1984, ,656,0.006998609,
69289,69290,0293 14  0032,307988, ,2023-01-01,1,SF,011,1978, ,655,0.007000398,
73216,73217,0391 35  0006,529747, ,2023-01-01,1,TH,031,1993, ,656,0.007005609,
66869,66870,0262 13030044,343637, ,2023-01-01,1,SF,011,1979, ,676,0.007010138,
63829,63830,0391 35  0005,354637, ,2023-01-01,1,TH,031,1993, ,656,0.0070108,
44917,44918,0293 27  0012A,542707, ,2023-01-01,1,TH,031,1998, ,655,0.007010837,
71047,71048,0391 35  0007,529726, ,2023-01-01,1,TH,031,1993, ,656,0.007018191,
36665,36666,0293 11  0092,545310, ,2023-01-01,1,SF,011,1965, ,655,0.007023802,
103625,103626,0293 21  0002,184377, ,2023-01-01,1,TH,031,1982, ,656,0.007030828,
38582,38583,0262 09130008,411679, ,2023-01-01,1,SF,011,1978, ,676,0.007038564,
138353,138354,0391 35  0004,229497, ,2023-01-01,1,TH,031,1993, ,656,0.007043783,
55728,55729,0293 14  0026,193717, ,2023-01-01,1,SF,011,1979, ,655,0.007048129,
48452,48453,0293 27  0011,547447, ,2023-01-01,1,TH,031,1998, ,655,0.007052325,
45227,45228,0293 19  0014,500170, ,2023-01-01,1,TH,031,1982, ,656,0.00705379,
58257,58258,0262 13010016,183685, ,2023-01-01,1,TH,031,1977, ,676,0.007054036,
75381,75382,0294 11020010,541739, ,2023-01-01,1,TH,032,1997, ,656,0.00705719,
95317,95318,0293 21  0019,170021, ,2023-01-01,1,TH,031,1984, ,656,0.007068152,
31943,31944,0262 09130012,416550, ,2023-01-01,1,SF,011,1978, ,676,0.007069814,
49109,49110,0293 24  0068,319543, ,2023-01-01,1,TH,031,1996, ,656,0.007072191,
97643,97644,0293 27  0010,343611, ,2023-01-01,1,TH,031,1998, ,655,0.007077428,
54811,54812,0291 19060096,547416, ,2023-01-01,1,LR,041,2000, ,655,0.007079535,
124980,124981,0294 04020102,454782, ,2023-01-01,1,LR,041,1973, ,658,0.007092357,
48891,48892,0294 04030201,452981, ,2023-01-01,1,LR,041,1974, ,658,0.007096152,
60696,60697,0293 14  0034,201694, ,2023-01-01,1,SF,011,1978, ,655,0.007099425,
58663,58664,0293 11  0091,545331, ,2023-01-01,1,SF,011,1965, ,655,0.007107236,
102881,102882,0293 27  0009,547547, ,2023-01-01,1,TH,031,1998, ,655,0.007114163,
47674,47675,0293 11  0194,356490, ,2023-01-01,1,SF,011,1965, ,655,0.007131494,
103624,103625,0293 21  0001,280242, ,2023-01-01,1,TH,031,1982, ,656,0.007136256,
122390,122391,0391 45  0004,184479, ,2023-01-01,1,SF,011,2002, ,656,0.007137405,
75201,75202,0294 11020011,541643, ,2023-01-01,1,TH,032,1997, ,656,0.0071385,
18646,18647,0183 06010015,573669, ,2023-01-01,1,TH,031,2021, ,676,0.007144904,
97642,97643,0293 27  0008,547563, ,2023-01-01,1,TH,031,1998, ,655,0.007159673,
45231,45232,0293 24  0069,270723, ,2023-01-01,1,TH,031,1996, ,656,0.007165727,
35543,35544,0183 06010014,573668, ,2023-01-01,1,TH,031,2021, ,676,0.007165954,
45554,45555,0262 09130011,257763, ,2023-01-01,1,SF,011,1978, ,676,0.007168057,
42551,42552,0262 09130009,251562, ,2023-01-01,1,SF,011,1978, ,676,0.007171311,
48069,48070,0262 09130010,231974, ,2023-01-01,1,SF,011,1978, ,676,0.00717452,
30398,30399,0291 17  0005,447211, ,2023-01-01,1,SF,011,2000, ,655,0.00717539,
52357,52358,0291 17  0003,419808, ,2023-01-01,1,SF,011,1999, ,655,0.007179547,
48895,48896,0294 04050209,449560, ,2023-01-01,1,LR,041,1974, ,658,0.007184676,
51671,51672,0293 27  0007,542705, ,2023-01-01,1,TH,031,1998, ,655,0.007185601,
14358,14359,0183 06010013,573667, ,2023-01-01,1,TH,031,2021, ,676,0.007185754,
101271,101272,0293 24  0081,574352, ,2023-01-01,1,TH,031,1997, ,656,0.007193903,
60230,60231,0293 11  0090,545311, ,2023-01-01,1,SF,011,1965, ,655,0.007197591,
39204,39205,0303 27140101,453887, ,2023-01-01,1,LR,041,1974, ,658,0.007201676,
58822,58823,0262 02050003,241662, ,2023-01-01,1,SF,011,1977, ,676,0.007201931,
1508,1509,0183 06010012,573666, ,2023-01-01,1,TH,031,2021, ,676,0.007205953,
47598,47599,0291 19040023,542691, ,2023-01-01,1,LR,041,1999, ,655,0.007206398,
75202,75203,0294 11020012,541748, ,2023-01-01,1,TH,032,1997, ,656,0.007215942,
47239,47240,0294 11020410,541745, ,2023-01-01,1,LR,041,1997, ,656,0.007218434,
95828,95829,0293 27  0006A,547398, ,2023-01-01,1,TH,031,1998, ,655,0.007224618,
47086,47087,0293 19  0015,495069, ,2023-01-01,1,TH,031,1984, ,656,0.007224693,
18549,18550,0183 06010011,573665, ,2023-01-01,1,TH,031,2021, ,676,0.007226561,
111417,111418,0293 24  0080,574347, ,2023-01-01,1,TH,031,1997, ,656,0.007227235,
46822,46823,0293 11  0100,545303, ,2023-01-01,1,SF,011,1965, ,655,0.007229717,
55492,55493,0291 18  0013A,220957, ,2023-01-01,1,TH,031,1998, ,655,0.007232194,
45745,45746,0291 16  0012,375720, ,2023-01-01,1,SF,011,1996, ,655,0.007234012,
