ACCT,Steet Name,City,ZIP,Licence Type,Lic Status,Point X,Point Y,geometry
332624,Colesville Manor,SILV,20904,ACC,EX,1311838.0,516893.0,POINT (1311838 516893)
1741671,Friars,BETH,20817,ACC,LI,1274691.0,489341.0,POINT (1274691 489341)
624230,Elgin,BETH,20817,RLU,AP,1274671.0,477097.0,POINT (1274671 477097)
277885,Norwood,SILV,20906,RLU,AP,1310651.0,525154.0,POINT (1310651 525154)
40962,Trundle,DICK,20842,RLU,AP,1179133.0,542679.0,POINT (1179133 542679)
2158098,Colesberg,SILV,20905,ACC,EX,1318686.0,524881.0,POINT (1318686 524881)
388328,Berryville,GERM,20874,RLU,AP,1219885.0,515281.0,POINT (1219885 515281)
2060221,Manor Stone,GERM,20874,RLU,AP,1221833.0,515140.0,POINT (1221833 515140)
3447050,Aventurine,SILV,20904,ACC,LI,1322610.0,510838.0,POINT (1322610 510838)
1761623,Black Rock,GERM,20874,ACC,LI,1225486.0,535076.0,POINT (1225486 535076)
3373995,Black Kettle,BOYD,20841,RLU,AP,1229057.0,545052.0,POINT (1229057 545052)
407228,Chestnut Oak,GAIT,20878,ACC,EX,1234781.0,525170.0,POINT (1234781 525170)
3245751,Quail Run,GAIT,20878,RLU,PE,1236077.0,523409.0,POINT (1236077 523409)
2609975,Bracken Hill,POTO,20854,RLU,AP,1238079.0,506415.0,POINT (1238079 506415)
523682,Bradley,CHEV,20815,RLU,PE,1287859.0,477401.0,POINT (1287859 477401)
410966,Bradbury,GAIT,20878,ACC,LI,1240496.0,533711.0,POINT (1240496 533711)
391782,Stoney Creek,POTO,20854,RLU,AP,1238398.0,504101.0,POINT (1238398 504101)
2770827,Turley,NPOT,20878,RLU,AP,1240362.0,524481.0,POINT (1240362 524481)
2307290,Mossbrook,GERM,20874,RLU,AP,1240502.0,548292.0,POINT (1240502 548292)
815617,St Johnsbury,GERM,20876,RLU,AP,1244813.0,549255.0,POINT (1244813 549255)
2740103,Ridge View,BOYD,20841,RLU,AP,1240370.0,565643.0,POINT (1240370 565643)
2751301,Brink Meadow,GERM,20876,RLU,AP,1242884.0,563685.0,POINT (1242884 563685)
2266052,Shakespeare,GERM,20876,RLU,AP,1244319.0,558549.0,POINT (1244319 558549)
31592,Greenfield,GERM,20876,RLU,AP,1240682.0,555975.0,POINT (1240682 555975)
412032,Cherry Grove,GAIT,20878,ACC,LI,1244587.0,525178.0,POINT (1244587 525178)
2404580,Pleasant Meadow,NPOT,20878,RLU,AP,1245134.0,518299.0,POINT (1245134 518299)
1472634,High Point,GAIT,20879,RLU,AP,1245475.0,546409.0,POINT (1245475 546409)
1472315,Rambling,GAIT,20879,RLU,AP,1245765.0,547051.0,POINT (1245765 547051)
411174,Bradbury,GAIT,20878,ACC,PE,1240087.0,533883.0,POINT (1240087 533883)
3218154,Potomac Oaks,ROCK,20850,RLU,PE,1246659.0,515434.0,POINT (1246659 515434)
2878158,Centurion,POTO,20854,RLU,AP,1243907.0,512273.0,POINT (1243907 512273)
3077170,Seneca Forest,GERM,20876,RLU,AP,1245977.0,560673.0,POINT (1245977 560673)
3474827,Potomac Oaks,ROCK,20850,RLU,AP,1248768.0,516443.0,POINT (1248768 516443)
3113198,Beechknoll,POTO,20854,RLU,AP,1250468.0,514574.0,POINT (1250468 514574)
817376,Staleybridge,GERM,20876,RLU,AP,1243774.0,546985.0,POINT (1243774 546985)
1553387,Joshua Tree,GAIT,20878,ACC3,LI,1245936.0,522754.0,POINT (1245936 522754)
856140,Spring Knoll,ROCK,20854,ACC3,LI,1249107.0,494799.0,POINT (1249107 494799)
867644,Falls,POTO,20854,RLU,AP,1247388.0,485018.0,POINT (1247388 485018)
2866151,River,POTO,20854,RLU,AP,1250546.0,493997.0,POINT (1250546 493997)
397994,Albermyrtle,POTO,20854,RLU,AP,1245819.0,506691.0,POINT (1245819 506691)
2833093,Knights,GERM,20876,RLU,AP,1247545.0,552123.0,POINT (1247545 552123)
1884930,Dalyn,POTO,20854,RLU,AP,1236503.0,502623.0,POINT (1236503 502623)
2335834,Cloverdale,GERM,20874,ACC3,LI,1233810.0,556918.0,POINT (1233810 556918)
2098212,Beall Creek,GAIT,20877,ACC,EX,1236616.0,506368.0,POINT (1236616 506368)
1743134,Bradley,CHEV,20815,ACC,EX,1290774.0,477220.0,POINT (1290774 477220)
3149408,Lake Placid,GERM,20874,ACC3,FD,1233708.0,546169.0,POINT (1233708 546169)
1069511,Cedar,TAKO,20912,ACC,EX,1308003.0,477360.0,POINT (1308003 477360)
3550727,Brass Ring,POTO,20854,RLU,AP,1232961.0,503468.0,POINT (1232961 503468)
2436200,Clear Morning,GERM,20874,RLU,AP,1232127.0,558100.0,POINT (1232127 558100)
2289177,Peach Leaf,GAIT,20878,ACC,LI,1242289.0,526424.0,POINT (1242289 526424)
3001672,Emerald,GERM,20876,RLU,AP,1240029.0,560218.0,POINT (1240029 560218)
28036,Joyce,CLAR,20871,ACC,EX,1231802.0,589082.0,POINT (1231802 589082)
3329235,Bowman Ridge,GERM,20874,RLU,AP,1231854.0,549977.0,POINT (1231854 549977)
18287,Shawnee,CLAR,20871,RLU,AP,1236551.0,569993.0,POINT (1236551 569993)
3170542,Allegheny,TAKO,20912,ACC3,FC,1310739.0,474877.0,POINT (1310739 474877)
62695,Strathmore,KENS,20895,RLU,AP,1282889.0,498328.0,POINT (1282889 498328)
1230144,Farthing,SILV,20906,ACC,EX,1292972.0,508295.0,POINT (1292972 508295)
3173237,Poplar,TAKO,20912,ACC,EX,1311490.0,475368.0,POINT (1311490 475368)
352405,Sarah,SILV,20904,RLU,AP,1317017.0,504941.0,POINT (1317017 504941)
1139658,Thornwood,KENS,20895,ACC,EX,1287502.0,492550.0,POINT (1287502 492550)
344212,Davan,SILV,20904,RLU,AP,1309173.0,507977.0,POINT (1309173 507977)
1321240,Palmira,SILV,20906,ACC,PE,1290552.0,513944.0,POINT (1290552 513944)
471337,Leland,CHEV,20815,RLU,AP,1287428.0,478417.0,POINT (1287428 478417)
492113,Aberdeen,BETH,20814,RLU,AP,1280156.0,480978.0,POINT (1280156 480978)
1075396,Sycamore,TAKO,20912,ACC,PE,1310700.0,477342.0,POINT (1310700 477342)
1387034,Vista,ROCK,20853,RLU,PE,1284934.0,516503.0,POINT (1284934 516503)
481245,Cabin,CABI,20818,RLU,AP,1268437.0,476903.0,POINT (1268437 476903)
2879288,Garden Grove,LAYT,20882,RLU,AP,1274473.0,556961.0,POINT (1274473 556961)
1835212,Baileys,SILV,20906,RLU,PE,1294700.0,525846.0,POINT (1294700 525846)
1600263,Walhonding,BETH,20816,RLU,AP,1275490.0,471179.0,POINT (1275490 471179)
3110207,Delta,LAYT,20882,RLU,AP,1267202.0,557090.0,POINT (1267202 557090)
2065906,Damascus,GAIT,20882,RLU,AP,1268610.0,582395.0,POINT (1268610 582395)
1885694,Dinwiddie,ROCK,0,RLU,PE,1270015.0,503157.0,POINT (1270015 503157)
2384300,Montrose Village,ROCK,20852,RLU,AP,1275514.0,505549.0,POINT (1275514 505549)
2734545,Rosewood Manor,GAIT,20882,ACC,EX,1268686.0,554783.0,POINT (1268686 554783)
670588,Newbold,BETH,20817,RLU,AP,1273501.0,490129.0,POINT (1273501 490129)
682597,Owen,BETH,20817,ACC,LI,1271463.0,475987.0,POINT (1271463 475987)
1077613,Pine,TAKO,20912,ACC,EX,1309690.0,476330.0,POINT (1309690 476330)
1828488,Granby,ROCK,20855,ACC3,LI,1277101.0,546463.0,POINT (1277101 546463)
509293,Mohican,BETH,20816,ACC3,LI,1275813.0,473055.0,POINT (1275813 473055)
1679538,Beechdale,ROCK,20855,ACC,LI,1276069.0,544408.0,POINT (1276069 544408)
1869821,Overlea,BETH,20816,ACC,LI,1278226.0,468745.0,POINT (1278226 468745)
83994,Sedgwick,ROCK,20852,RLU,AP,1277458.0,501458.0,POINT (1277458 501458)
134684,Neilwood,ROCK,20853,ACC,LI,1277510.0,502427.0,POINT (1277510 502427)
2304946,Rolling,DERW,20855,ACC3,FC,1276956.0,,POINT (1276956 NaN)
385,Muncaster,DERW,20855,ACC,PE,1278358.0,545633.0,POINT (1278358 545633)
698206,Cheshire,BETH,20814,ACC,LI,1278436.0,494655.0,POINT (1278436 494655)
618683,Kenhill,BETH,20817,RLU,AP,1277627.0,477549.0,POINT (1277627 477549)
632662,Singleton,BETH,20817,ACC,LI,1276694.0,490540.0,POINT (1276694 490540)
660283,Buttonwood,BETH,20816,RLU,PE,1275258.0,474313.0,POINT (1275258 474313)
3302076,Golf Estates,LAYT,20882,RLU,AP,1277496.0,563389.0,POINT (1277496 563389)
423786,MacArthur,BETH,20816,ACC,LI,1276501.0,467913.0,POINT (1276501 467913)
603658,Kirkwood,BETH,20816,RLU,AP,1280590.0,472429.0,POINT (1280590 472429)
448308,Ridge,BETH,20816,ACC,LI,1277569.0,465153.0,POINT (1277569 465153)
68497,Wilwyn,ROCK,20852,RLU,AP,1285802.0,501118.0,POINT (1285802 501118)
450563,Broad,BETH,20816,ACC,LI,1278654.0,463490.0,POINT (1278654 463490)
572614,Old Georgetown,BETH,20814,ACC3,LI,1279554.0,489272.0,POINT (1279554 489272)
651995,Rayburn,BETH,20817,RLU,AP,1278046.0,482213.0,POINT (1278046 482213)
925000,Clarksburg,DAMA,20872,RLU,AP,1247269.0,603738.0,POINT (1247269 603738)
852266,Oaklyn,POTO,20854,RLU,AP,1250512.0,487449.0,POINT (1250512 487449)
878738,Pleasant Hill,POTO,20854,RLU,AP,1246962.0,489366.0,POINT (1246962 489366)
2876230,MacArthur,POTO,20854,RLU,AP,1249004.0,478480.0,POINT (1249004 478480)
2692495,Outpost,NPOT,20878,RLU,AP,1248849.0,518557.0,POINT (1248849 518557)
895130,Meadow Creek,POTO,20854,RLU,AP,1248393.0,506392.0,POINT (1248393 506392)
2997217,Yellow Leaf,GERM,20876,ACC3,LI,1247438.0,553377.0,POINT (1247438 553377)
2820320,Brickyard,POTO,20854,RLU,AP,1252093.0,479028.0,POINT (1252093 479028)
878317,Stanmore,POTO,20854,RLU,PE,1248788.0,491176.0,POINT (1248788 491176)
2804273,Cross Laurel,GERM,20876,RLU,AP,1248230.0,554366.0,POINT (1248230 554366)
1544862,Piney Glen,POTO,20854,RLU,AP,1248244.0,508329.0,POINT (1248244 508329)
2655527,Avenel Farm,POTO,20854,RLU,PE,1253013.0,485833.0,POINT (1253013 485833)
88768,Cleveland,ROCK,20850,RLU,AP,1257489.0,511187.0,POINT (1257489 511187)
3211621,Travilah,ROCK,20850,RLU,AP,1251663.0,517710.0,POINT (1251663 517710)
860940,Glen,POTO,20854,RLU,AP,1254312.0,495582.0,POINT (1254312 495582)
933352,Watkins,GAIT,20882,ACC,LI,1256950.0,570551.0,POINT (1256950 570551)
2695055,Natelli Woods,BETH,20817,RLU,PE,1254291.0,480843.0,POINT (1254291 480843)
813904,Emory Grove,GAIT,20877,ACC,EX,1256227.0,545974.0,POINT (1256227 545974)
850586,Edison,POTO,20854,RLU,PE,1252003.0,498100.0,POINT (1252003 498100)
2650137,Preakness,DAMA,20872,RLU,AP,1249446.0,580077.0,POINT (1249446 580077)
945202,Fox Ridge,DAMA,20872,RLU,AP,1252325.0,602880.0,POINT (1252325 602880)
945111,Honeysuckle,DAMA,20872,ACC,LI,1252396.0,602351.0,POINT (1252396 602351)
3248116,Aldersgate,ROCK,20850,RLU,AP,1254158.0,507868.0,POINT (1254158 507868)
2648921,Sylvan Glade,NO P,20878,RLU,AP,1251300.0,519693.0,POINT (1251300 519693)
2994555,Ginkgo,ROCK,20850,RLU,AP,1254814.0,516365.0,POINT (1254814 516365)
3425840,Highland Manor,LAYT,20882,RLU,AP,1254832.0,583775.0,POINT (1254832 583775)
943497,Mt. Vernon,DAMA,20872,RLU,AP,1255453.0,588964.0,POINT (1255453 588964)
867165,Brickyard,POTO,20854,RLU,AP,1250049.0,483773.0,POINT (1250049 483773)
139722,Wooden Bridge,POTO,20854,RLU,AP,1257557.0,508162.0,POINT (1257557 508162)
2886956,River,POTO,20854,RLU,AP,1256972.0,489240.0,POINT (1256972 489240)
2546434,Foxlair,LAYT,20882,RLU,AP,1257340.0,566223.0,POINT (1257340 566223)
124300,Atwell,POTO,20854,ACC,EX,1261749.0,506197.0,POINT (1261749 506197)
1511463,Aspenwood,GAIT,20879,RLU,AP,1256116.0,555753.0,POINT (1256116 555753)
3259575,Eldwick,POTO,20854,RLU,AP,1257271.0,499625.0,POINT (1257271 499625)
13742,Goshen,LAYT,20882,RLU,AP,1259681.0,559275.0,POINT (1259681 559275)
866775,Inglewood,POTO,20854,RLU,AP,1259727.0,489245.0,POINT (1259727 489245)
1703606,Sprinklewood,POTO,20854,RLU,AP,1258605.0,499619.0,POINT (1258605 499619)
3060682,Traxell,GAIT,20879,RLU,AP,1260127.0,544044.0,POINT (1260127 544044)
138875,Orchard Brook,POTO,20854,RLU,AP,1258673.0,507910.0,POINT (1258673 507910)
3015656,Falls,POTO,20854,RLU,AP,1261211.0,506101.0,POINT (1261211 506101)
102393,Deborah,POTO,20854,RLU,AP,1264911.0,502289.0,POINT (1264911 502289)
2347865,Cross Country,GAIT,20879,RLU,AP,1261768.0,544566.0,POINT (1261768 544566)
2347854,Cross Country,GAIT,20879,RLU,PE,1261799.0,544638.0,POINT (1261799 544638)
3351544,Endicott,BETH,20817,RLU,AP,1265185.0,478600.0,POINT (1265185 478600)
875360,Fenway,BETH,20817,ACC,LI,1263578.0,481628.0,POINT (1263578 481628)
3077658,80th,CABI,20818,ACC,PE,1265415.0,477203.0,POINT (1265415 477203)
1977681,Mountain Laurel,GAIT,20879,ACC,EX,1264327.0,544551.0,POINT (1264327 544551)
93366,Jubal Early,ROCK,20854,ACC3,LI,1264003.0,505509.0,POINT (1264003 505509)
481507,Riverside,CABI,20818,ACC,LI,1265660.0,475518.0,POINT (1265660 475518)
3191965,Thornley,BETH,20817,ACC,EX,1266200.0,479880.0,POINT (1266200 479880)
92566,Inspection House,ROCK,20854,ACC3,LI,1265843.0,505413.0,POINT (1265843 505413)
93344,Postoak,POTO,20854,ACC,LI,1265657.0,504599.0,POINT (1265657 504599)
1914126,Amity,GAIT,20877,ACC,LI,1265388.0,536787.0,POINT (1265388 536787)
3068698,Brown,WASH,20880,RLU,AP,1263245.0,534782.0,POINT (1263245 534782)
101412,Charen,POTO,20852,ACC,LI,1264952.0,503812.0,POINT (1264952 503812)
874228,Peck,BETH,20817,ACC,EX,1264097.0,482944.0,POINT (1264097 482944)
2873896,Watkins,GAIT,20882,ACC3,LI,1260546.0,571906.0,POINT (1260546 571906)
3150156,Windsor Knoll,GAIT,20882,RLU,PE,1265947.0,557228.0,POINT (1265947 557228)
2866867,Woodfield,GAIT,20882,RLU,AP,1266745.0,558551.0,POINT (1266745 558551)
436106,Arrowood,BETH,20817,RLU,AP,1269582.0,487061.0,POINT (1269582 487061)
483200,Tomlinson,CABI,20818,RLU,AP,1267470.0,476901.0,POINT (1267470 476901)
1857617,Seven Locks,CABI,20818,ACC,LI,1266546.0,477002.0,POINT (1266546 477002)
3428513,Redland,ROCK,20855,ACC,LI,1271553.0,535743.0,POINT (1271553 535743)
642411,Inglemere,BETH,20817,RLU,AP,1273528.0,492410.0,POINT (1273528 492410)
2752180,Grenadier,BETH,20817,RLU,AP,1267056.0,491060.0,POINT (1267056 491060)
2734818,Rosewood Manor,GAIT,20879,RLU,PE,1268639.0,554301.0,POINT (1268639 554301)
13640,Exodus,GAIT,20882,RLU,AP,1265468.0,559465.0,POINT (1265468 559465)
484591,77th,CABI,20818,ACC,EX,1267214.0,476476.0,POINT (1267214 476476)
2734671,Rosewood Manor,GAIT,20879,RLU,AP,1268932.0,554642.0,POINT (1268932 554642)
15730,Etchison,GAIT,20882,RLU,AP,1269346.0,581266.0,POINT (1269346 581266)
669168,Buttermere,BETH,20817,ACC3,LI,1272562.0,492501.0,POINT (1272562 492501)
856710,Thomas Branch,BETH,20817,RLU,AP,1271009.0,492919.0,POINT (1271009 492919)
437932,Arrowood,BETH,20817,RLU,AP,1270895.0,486397.0,POINT (1270895 486397)
869596,Carteret,BETH,20817,ACC,PE,1267915.0,487840.0,POINT (1267915 487840)
683078,Braeburn,BETH,20817,RLU,AP,1271921.0,477059.0,POINT (1271921 477059)
442392,Radnor,BETH,20817,RLU,AP,1280233.0,477720.0,POINT (1280233 477720)
627517,Newmarket,BETH,20817,RLU,AP,1276515.0,480828.0,POINT (1276515 480828)
2852096,Belle Chase,LAYT,20882,RLU,AP,1273585.0,554504.0,POINT (1273585 554504)
587581,Bradley,BETH,20817,ACC3,LI,1277517.0,483565.0,POINT (1277517 483565)
2036380,Rolling Hill,LAYT,20882,ACC,EX,1274152.0,566675.0,POINT (1274152 566675)
2896090,Burning Tree,BETH,20817,RLU,AP,1273835.0,487734.0,POINT (1273835 487734)
1688817,Hipsley Mill,LAYT,20882,ACC,PE,1273591.0,578581.0,POINT (1273591 578581)
598208,Bellevue,BETH,20814,ACC,LI,1284450.0,490540.0,POINT (1284450 490540)
1447333,Dabney,ROCK,20853,ACC,LI,1285593.0,519796.0,POINT (1285593 519796)
2725197,Thornbush,BETH,20814,RLU,AP,1281215.0,494579.0,POINT (1281215 494579)
1374998,Canterbury,ROCK,20853,ACC,EX,1288629.0,517389.0,POINT (1288629 517389)
1851223,Sundown,LAYT,20882,ACC,LI,1286226.0,565117.0,POINT (1286226 565117)
1165112,Bennion,SILV,20906,ACC,LI,1287244.0,504544.0,POINT (1287244 504544)
1320347,Dauphine,SILV,20906,ACC,LI,1290436.0,512788.0,POINT (1290436 512788)
2093312,Skymist,OLNE,20832,RLU,AP,1287540.0,541040.0,POINT (1287540 541040)
590852,Kentbury,BETH,20814,RLU,AP,1288329.0,482092.0,POINT (1288329 482092)
766790,Kilt,OLNE,20832,RLU,AP,1288818.0,544124.0,POINT (1288818 544124)
752097,Marlin,ROCK,20853,ACC,LI,1281769.0,521367.0,POINT (1281769 521367)
1339676,Weller,SILV,20906,RLU,AP,1288935.0,507917.0,POINT (1288935 507917)
1262856,Wexford,KENS,20895,RLU,AP,1289298.0,498922.0,POINT (1289298 498922)
597330,Parkhill,BETH,20814,ACC,LI,1286015.0,489444.0,POINT (1286015 489444)
725493,Prestwood,OLNE,20832,RLU,AP,1286249.0,539775.0,POINT (1286249 539775)
1339608,Isbell,SILV,20906,RLU,AP,1288585.0,509127.0,POINT (1288585 509127)
1292671,Jeffry,SILV,20906,ACC,LI,1290100.0,509851.0,POINT (1290100 509851)
471931,45th,CHEV,20815,RLU,PE,1286958.0,478662.0,POINT (1286958 478662)
694846,Woolsey,CHEV,20815,RLU,AP,1292854.0,481177.0,POINT (1292854 481177)
455406,Western,CHEV,20815,RLU,AP,1291728.0,475262.0,POINT (1291728 475262)
1247348,Randolph,SILV,20902,RLU,AP,1291015.0,506612.0,POINT (1291015 506612)
531671,Rossdhu,CHEV,20815,ACC,LI,1293456.0,481181.0,POINT (1293456 481181)
708853,Georgia,BRKV,20833,RLU,AP,1293796.0,559070.0,POINT (1293796 559070)
729560,Queen Elizabeth,OLNE,20832,ACC,EX,1289702.0,537832.0,POINT (1289702 537832)
729786,Queen Mary,OLNE,20832,ACC,LI,1289832.0,538797.0,POINT (1289832 538797)
728020,Howe,OLNE,20832,ACC,LI,1291932.0,539446.0,POINT (1291932 539446)
1315410,Georgia,SILV,20906,ACC,LI,1294392.0,511058.0,POINT (1294392 511058)
2774131,Thatcher,OLNE,20832,RLU,AP,1291753.0,535778.0,POINT (1291753 535778)
1244607,Connecticut,SILV,20906,RLU,AP,1291169.0,510214.0,POINT (1291169 510214)
1156221,Saul,KENS,20895,RLU,AP,1292348.0,491573.0,POINT (1292348 491573)
1150793,Kenmore,KENS,20895,ACC3,LI,1293033.0,491265.0,POINT (1293033 491265)
524128,Curtis,CHEV,20815,RLU,AP,1287658.0,478898.0,POINT (1287658 478898)
437544,Le Velle,CHEV,20815,ACC3,LI,1293863.0,487842.0,POINT (1293863 487842)
1184720,Parker,SILV,20902,RLU,AP,1294303.0,502619.0,POINT (1294303 502619)
1183350,Blueridge,SILV,20902,RLU,AP,1296911.0,501404.0,POINT (1296911 501404)
1185143,Blueridge,SILV,20902,RLU,AP,1296966.0,501392.0,POINT (1296966 501392)
1398675,College View,SILV,20902,RLU,AP,1293633.0,501462.0,POINT (1293633 501462)
1246606,Janet,SILV,20906,ACC3,PE,1291483.0,509540.0,POINT (1291483 509540)
1247053,Crisfield,SILV,20906,ACC,PE,1292018.0,510657.0,POINT (1292018 510657)
1817100,Briars,BRKV,20833,ACC,EX,1292570.0,546724.0,POINT (1292570 546724)
1250916,Urbana,SILV,20906,RLU,AP,1295752.0,507629.0,POINT (1295752 507629)
1192627,Weller,SILV,20902,RLU,AP,1294755.0,509683.0,POINT (1294755 509683)
645380,Western,CHEV,20815,ACC,LI,1294677.0,478214.0,POINT (1294677 478214)
703760,Holiday,BRKV,20833,RLU,AP,1294654.0,553931.0,POINT (1294654 553931)
3046316,Viburnum,OLNE,20832,RLU,AP,1294734.0,544084.0,POINT (1294734 544084)
1169280,Sigsbee,WHEA,20906,ACC3,PE,1288071.0,505811.0,POINT (1288071 505811)
1171660,Gridley,SILV,20906,RLU,AP,1287284.0,505869.0,POINT (1287284 505869)
727151,Holly Ridge,ROCK,20853,RLU,PE,1288103.0,527735.0,POINT (1288103 527735)
590533,Maple,BETH,20814,ACC3,LI,1287612.0,482831.0,POINT (1287612 482831)
1170803,Veirs Mill,SILV,20906,RLU,AP,1289167.0,505648.0,POINT (1289167 505648)
1170186,Clearfield,SILV,20906,RLU,AP,1287351.0,506599.0,POINT (1287351 506599)
1305901,Eastland,ROCK,20853,ACC3,PE,1286867.0,515939.0,POINT (1286867 515939)
1345930,Culver,KENS,20895,ACC,LI,1289208.0,489092.0,POINT (1289208 489092)
1809281,Damascus,GAIT,20882,RLU,AP,1286862.0,568301.0,POINT (1286862 568301)
498622,Chelsea,BETH,20814,ACC3,LI,1285765.0,483751.0,POINT (1285765 483751)
1139818,Saul,KENS,20895,ACC3,LI,1285928.0,492712.0,POINT (1285928 492712)
589933,Sleaford,BETH,20814,RLU,AP,1287542.0,481910.0,POINT (1287542 481910)
639377,Kerry,CHEV,20815,RLU,PE,1291911.0,482917.0,POINT (1291911 482917)
1286910,Jeffry,SILV,20906,RLU,AP,1289984.0,509867.0,POINT (1289984 509867)
1372033,London,ROCK,20853,RLU,AP,1289553.0,517711.0,POINT (1289553 517711)
1274832,Parkland,ROCK,20853,RLU,PE,1287358.0,510729.0,POINT (1287358 510729)
3101098,Tackbrooke,OLNE,20832,RLU,AP,1283361.0,544142.0,POINT (1283361 544142)
585183,Rayburn,BETH,20817,RLU,AP,1278278.0,484442.0,POINT (1278278 484442)
516551,Kenwood,CHEV,20815,RLU,AP,1281829.0,475162.0,POINT (1281829 475162)
589000,Hempstead,BETH,20817,RLU,AP,1279190.0,484183.0,POINT (1279190 484183)
663388,Redwing,BETH,20817,ACC,LI,1276325.0,475746.0,POINT (1276325 475746)
580330,Hempstead,BETH,20817,ACC,LI,1279302.0,487363.0,POINT (1279302 487363)
2706525,Fraley Farm,DERW,20855,RLU,AP,1279948.0,541845.0,POINT (1279948 541845)
649822,Oldchester,BETH,20814,ACC3,LI,1280486.0,480016.0,POINT (1280486 480016)
679340,Ipswich,BETH,20814,RLU,AP,1279824.0,492027.0,POINT (1279824 492027)
634876,Belhaven,BETH,20817,ACC,EX,1278087.0,491751.0,POINT (1278087 491751)
515317,Jefferson,BETH,20817,RLU,AP,1279805.0,484226.0,POINT (1279805 484226)
735116,Woodway,DERW,20855,RLU,PE,1279001.0,545554.0,POINT (1279001 545554)
2616878,Azalea,DERW,20855,RLU,PE,1279602.0,541901.0,POINT (1279602 541901)
580727,Sonoma,BETH,20817,RLU,AP,1277614.0,486767.0,POINT (1277614 486767)
690484,Alta Vista,BETH,20817,ACC,LI,1281917.0,489445.0,POINT (1281917 489445)
543840,West Virginia,BETH,20814,ACC3,LI,1286217.0,482272.0,POINT (1286217 482272)
734987,Shremor,ROCK,20855,ACC,LI,1279776.0,546181.0,POINT (1279776 546181)
65142,Aurora,KENS,20895,ACC,LI,1284465.0,498630.0,POINT (1284465 498630)
661117,Westridge,BETH,20816,ACC,LI,1282808.0,470376.0,POINT (1282808 470376)
1304768,Mercury,ROCK,20853,RLU,AP,1284564.0,509736.0,POINT (1284564 509736)
68156,Ashley,ROCK,20852,RLU,AP,1286140.0,504773.0,POINT (1286140 504773)
1384667,Arctic,ROCK,20853,ACC,LI,1284778.0,514681.0,POINT (1284778 514681)
441158,Glenbrook,BETH,20814,ACC,LI,1283131.0,481650.0,POINT (1283131 481650)
1303172,Iris,ROCK,20853,ACC3,PE,1285026.0,514024.0,POINT (1285026 514024)
2859133,Exeter,BETH,20814,RLU,AP,1282890.0,479746.0,POINT (1282890 479746)
500384,Windsor,BETH,20814,ACC3,LI,1285679.0,483832.0,POINT (1285679 483832)
1389248,Arctic,ROCK,20853,ACC,LI,1285325.0,516949.0,POINT (1285325 516949)
515033,Garfield,BETH,20817,RLU,AP,1279447.0,484884.0,POINT (1279447 484884)
536241,Essex,CHEV,20815,RLU,AP,1284207.0,473797.0,POINT (1284207 473797)
1280002,Independence,ROCK,20853,RLU,AP,1286734.0,512629.0,POINT (1286734 512629)
543656,Highland,BETH,20814,ACC,LI,1285677.0,482357.0,POINT (1285677 482357)
471394,Elm,CHEV,20815,RLU,AP,1286695.0,479401.0,POINT (1286695 479401)
707448,Zion,GAIT,20879,RLU,AP,1284651.0,557712.0,POINT (1284651 557712)
441717,Battery,BETH,20814,ACC,EX,1282843.0,481694.0,POINT (1282843 481694)
1445482,Norbeck,ROCK,20853,RLU,AP,1283889.0,521620.0,POINT (1283889 521620)
598185,Rockville,BETH,20814,ACC,LI,1284321.0,490661.0,POINT (1284321 490661)
702696,Emory,ROCK,20853,RLU,AP,1288497.0,532001.0,POINT (1288497 532001)
1370331,Dunnel,KENS,20895,RLU,AP,1288650.0,490196.0,POINT (1288650 490196)
2926222,Brookeville,BRKV,20833,RLU,AP,1287938.0,552238.0,POINT (1287938 552238)
90410,Waycross,KENS,20895,RLU,AP,1283647.0,500758.0,POINT (1283647 500758)
443567,Burling,BETH,20814,RLU,AP,1281373.0,478532.0,POINT (1281373 478532)
546717,Duvall,BETH,20816,ACC,LI,1282727.0,467319.0,POINT (1282727 467319)
1411192,Walbridge,ROCK,20853,RLU,AP,1285111.0,509340.0,POINT (1285111 509340)
63143,Aurora,KENS,20895,RLU,AP,1283926.0,498433.0,POINT (1283926 498433)
1142942,Amherst,BETH,20814,ACC,EX,1286406.0,491724.0,POINT (1286406 491724)
596803,Asbury,BETH,20814,ACC,LI,1284194.0,490900.0,POINT (1284194 490900)
3163752,Poplar,TAKO,20912,ACC3,PE,1311963.0,474939.0,POINT (1311963 474939)
284232,Burnt Mills,SILV,20901,ACC,LI,1313388.0,498475.0,POINT (1313388 498475)
1076983,Sycamore,TAKO,20912,ACC,EX,1311282.0,476887.0,POINT (1311282 476887)
2100817,Carona,SILV,20905,RLU,AP,1305033.0,521473.0,POINT (1305033 521473)
1324675,LeBaron,SILV,20902,ACC,LI,1308250.0,502753.0,POINT (1308250 502753)
1351656,Lawnsberry,SILV,20901,ACC,LI,1312905.0,490894.0,POINT (1312905 490894)
344644,Falmouth,SILV,20904,ACC3,LI,1309933.0,510374.0,POINT (1309933 510374)
1007438,Wayne,SILV,20901,RLU,AP,1310324.0,486521.0,POINT (1310324 486521)
310775,Orchard,SILV,20904,RLU,AP,1313239.0,515976.0,POINT (1313239 515976)
1066415,Carroll,TAKO,20912,ACC,EX,1311439.0,478653.0,POINT (1311439 478653)
1066073,Maple,TAKO,20912,RLU,PE,1308792.0,477904.0,POINT (1308792 477904)
3161376,Sycamore,TAKO,20912,ACC,EX,1311388.0,476745.0,POINT (1311388 476745)
335786,Brantford,SILV,20904,ACC,PE,1314205.0,507147.0,POINT (1314205 507147)
1210897,Kerwin,SILV,20901,RLU,AP,1307540.0,496292.0,POINT (1307540 496292)
1009461,Bradford,SILV,20901,RLU,AP,1310173.0,487535.0,POINT (1310173 487535)
1066927,Maple,TAKO,20912,ACC,EX,1311243.0,481026.0,POINT (1311243 481026)
2013903,Pleasant Grove,SILV,20904,RLU,AP,1311087.0,516324.0,POINT (1311087 516324)
3069897,Cricket Hil,GERM,20874,RLU,AP,1232394.0,539844.0,POINT (1232394 539844)
3145558,Sligo Creek,TAKO,20912,ACC,EX,1311063.0,480978.0,POINT (1311063 480978)
3328093,Heartfields,SILV,20904,ACC,EX,1314949.0,503063.0,POINT (1314949 503063)
1056028,Colesville,SILV,20910,ACC3,LI,1305635.0,486902.0,POINT (1305635 486902)
3163433,Garland,TAKO,20912,RLU,AP,1313959.0,480261.0,POINT (1313959 480261)
3168641,Cole,TAKO,20912,ACC,EX,1314605.0,480857.0,POINT (1314605 480857)
3175305,Glenside,TAKO,20912,ACC,EX,1314588.0,479774.0,POINT (1314588 479774)
1398152,University,SILV,20901,ACC,PE,1313691.0,486070.0,POINT (1313691 486070)
335046,Montclair,SILV,20904,RLU,AP,1315741.0,508471.0,POINT (1315741 508471)
280245,Nolcrest,SILV,20903,ACC,LI,1314482.0,496436.0,POINT (1314482 496436)
1359663,Chester,TAKO,20912,ACC,PE,1313782.0,482105.0,POINT (1313782 482105)
333583,Downs,SILV,20904,ACC,LI,1317069.0,507160.0,POINT (1317069 507160)
1237247,Dalewood,SILV,20906,RLU,AP,1293533.0,508390.0,POINT (1293533 508390)
1179051,Monterrey,WHEA,20902,RLU,AP,1294464.0,501874.0,POINT (1294464 501874)
1026591,Upton,KENS,20895,RLU,AP,1295542.0,500162.0,POINT (1295542 500162)
1193440,Epping,SILV,20906,RLU,AP,1295101.0,508168.0,POINT (1295101 508168)
1027802,West,KENS,20895,ACC,LI,1294182.0,499726.0,POINT (1294182 499726)
3144873,Kenton,SILV,20902,RLU,AP,1293668.0,500691.0,POINT (1293668 500691)
1180538,Kingtree,SILV,20902,ACC,LI,1295020.0,503123.0,POINT (1295020 503123)
1185427,Veirs Mill,SILV,20902,ACC,LI,1295641.0,500964.0,POINT (1295641 500964)
1099756,Eccleston,SILV,20902,ACC,PE,1298014.0,493833.0,POINT (1298014 493833)
1181486,Arcola,SILV,20910,RLU,AP,1297403.0,502668.0,POINT (1297403 502668)
1418730,Louis,SILV,20910,ACC3,LI,1299093.0,487410.0,POINT (1299093 487410)
1089336,16TH,SILV,20910,RLU,AP,1300830.0,486970.0,POINT (1300830 486970)
1331842,Monticello,SILV,20902,RLU,AP,1304031.0,501542.0,POINT (1304031 501542)
1104490,Homestead,SILV,20902,ACC,EX,1297655.0,494837.0,POINT (1297655 494837)
1393651,Channing,SILV,20902,ACC,LI,1300731.0,501453.0,POINT (1300731 501453)
1177096,Henderson,SILV,20902,RLU,AP,1297509.0,504195.0,POINT (1297509 504195)
2412831,Monroe,SILV,20910,ACC,LI,1298970.0,489197.0,POINT (1298970 489197)
2650616,Morningmist,SILV,20906,RLU,PE,1300527.0,524103.0,POINT (1300527 524103)
1461937,Turnmore,SILV,20906,RLU,AP,1299726.0,515577.0,POINT (1299726 515577)
2258768,Ewood,SILV,20906,ACC3,LI,1298349.0,511712.0,POINT (1298349 511712)
1003180,Stanton,SILV,20910,ACC,LI,1295385.0,490287.0,POINT (1295385 490287)
1394963,Marymont,SILV,20906,ACC,EX,1298946.0,526213.0,POINT (1298946 526213)
1431246,Woodland,SILV,20910,ACC,LI,1301756.0,488284.0,POINT (1301756 488284)
1955888,Ridgecroft,BRKV,20833,RLU,AP,1298072.0,562907.0,POINT (1298072 562907)
1089941,Grace Church,SILV,20910,ACC3,LI,1299775.0,486434.0,POINT (1299775 486434)
1396528,Bucknell,SILV,20902,ACC,EX,1299258.0,502263.0,POINT (1299258 502263)
2743937,Cutstone,SILV,20905,RLU,AP,1304512.0,522739.0,POINT (1304512 522739)
959961,Orebaugh,SILV,20902,RLU,AP,1301929.0,502989.0,POINT (1301929 502989)
1417963,Luzerne,SILV,20910,ACC,LI,1299704.0,487837.0,POINT (1299704 487837)
1868382,Town Line,SILV,20906,ACC,EX,1301267.0,514545.0,POINT (1301267 514545)
1431086,Noyes,SILV,20910,ACC3,LI,1304558.0,485903.0,POINT (1304558 485903)
1057991,Tulip,TAKO,20912,ACC3,PE,1309080.0,476951.0,POINT (1309080 476951)
1076403,Cedar,TAKO,20912,ACC,EX,1308663.0,478024.0,POINT (1308663 478024)
1081160,Ritchie,SILV,20910,RLU,AP,1309613.0,480627.0,POINT (1309613 480627)
1367960,Nicholas,SILV,20902,ACC,LI,1302336.0,499951.0,POINT (1302336 499951)
1081455,Spruce,TAKO,20912,ACC,EX,1309459.0,476976.0,POINT (1309459 476976)
987456,Richmond,SILV,20910,ACC,PE,1306041.0,481571.0,POINT (1306041 481571)
2829182,Briggs,SILV,20906,ACC,EX,1299043.0,510940.0,POINT (1299043 510940)
990625,Ritchie,SILV,20910,ACC,EX,1308511.0,481514.0,POINT (1308511 481514)
1079337,Holly,TAKO,20912,ACC,EX,1307846.0,477829.0,POINT (1307846 477829)
1337280,Admiralty,SILV,20910,RLU,AP,1301418.0,490713.0,POINT (1301418 490713)
1063968,Park,TAKO,20912,RLU,AP,1309617.0,477573.0,POINT (1309617 477573)
1073956,Holly,TAKO,20912,ACC,EX,1307872.0,478364.0,POINT (1307872 478364)
1418012,16th,SILV,20910,ACC,EX,1300700.0,487791.0,POINT (1300700 487791)
2395597,Silverstone,SILV,20904,RLU,AP,1306208.0,524233.0,POINT (1306208 524233)
1065067,Holly,TAKO,20912,RLU,AP,1307992.0,478589.0,POINT (1307992 478589)
2540814,Yeatman,SILV,20902,RLU,AP,1305367.0,502664.0,POINT (1305367 502664)
1059567,Holly,TAKO,20912,ACC,EX,1307746.0,477652.0,POINT (1307746 477652)
2856744,Riviera,SILV,20904,RLU,AP,1306124.0,511255.0,POINT (1306124 511255)
1459752,Arbor View,SILV,20902,ACC3,PE,1302933.0,508400.0,POINT (1302933 508400)
2813302,Alderton,SILV,20906,RLU,AP,1302634.0,516179.0,POINT (1302634 516179)
2676518,Bromley,SILV,20902,RLU,PE,1305271.0,502567.0,POINT (1305271 502567)
1048110,Silver Spring,SILV,20910,RLU,AP,1307378.0,482771.0,POINT (1307378 482771)
1028555,Deerfield,SILV,20910,RLU,AP,1307548.0,484243.0,POINT (1307548 484243)
1077247,Cedar,TAKO,20912,ACC,EX,1308453.0,477954.0,POINT (1308453 477954)
1063092,Cedar,TAKO,20912,ACC,EX,1308548.0,477846.0,POINT (1308548 477846)
1629330,Brighton Knolls,BRIN,20862,RLU,AP,1305434.0,552446.0,POINT (1305434 552446)
2171643,Heather Crest,SILV,20902,ACC,LI,1303157.0,501746.0,POINT (1303157 501746)
1351350,Loxford,SILV,20901,ACC,LI,1306748.0,499382.0,POINT (1306748 499382)
1075498,Birch,TAKO,20912,ACC,EX,1308418.0,478036.0,POINT (1308418 478036)
1030981,St Andrews,SILV,20901,ACC,PE,1306414.0,489049.0,POINT (1306414 489049)
951511,Gabel,SILV,20901,ACC,PE,1305005.0,497706.0,POINT (1305005 497706)
1107505,Grayson,SILV,20901,RLU,AP,1307146.0,493241.0,POINT (1307146 493241)
1059556,Park,TAKO,20912,ACC,EX,1309609.0,477969.0,POINT (1309609 477969)
1058927,Hancock,TAKO,20912,RLU,AP,1310037.0,478030.0,POINT (1310037 478030)
1011167,Flower,SILV,20901,RLU,AP,1310206.0,487734.0,POINT (1310206 487734)
1367470,Hannes,SILV,20901,ACC,LI,1308846.0,498552.0,POINT (1308846 498552)
1063833,Grant,TAKO,20912,ACC,EX,1310026.0,478141.0,POINT (1310026 478141)
956650,Kemp Mill,SILV,20902,RLU,AP,1305144.0,507775.0,POINT (1305144 507775)
3175500,Westmoreland,TAKO,20912,ACC3,LI,1310862.0,474281.0,POINT (1310862 474281)
1032466,Cavalier,SILV,20901,ACC3,LI,1308041.0,497454.0,POINT (1308041 497454)
1077316,Grant,TAKO,20912,ACC,EX,1310077.0,478418.0,POINT (1310077 478418)
1062543,Sherman,TAKO,20912,ACC,EX,1310536.0,479046.0,POINT (1310536 479046)
1041302,Silver Spring,SILV,20910,ACC,EX,1306182.0,482700.0,POINT (1306182 482700)
2924110,Overton,SILV,20904,RLU,AP,1310126.0,516417.0,POINT (1310126 516417)
990658,Chesapeake,SILV,20910,ACC,EX,1307654.0,481458.0,POINT (1307654 481458)
1322791,Belgrade,SILV,20902,RLU,PE,1305513.0,500802.0,POINT (1305513 500802)
1377104,Reading,SILV,20901,ACC,LI,1310508.0,485004.0,POINT (1310508 485004)
313778,Overton,SILV,20904,RLU,AP,1308494.0,515502.0,POINT (1308494 515502)
1042853,Pershing,SILV,20910,ACC,EX,1306014.0,485019.0,POINT (1306014 485019)
984258,Kemp Mill,SILV,20902,RLU,AP,1305235.0,507594.0,POINT (1305235 507594)
1047228,Cedar,SILV,20910,ACC,LI,1305898.0,484880.0,POINT (1305898 484880)
2171563,Tucker,ASHT,20861,RLU,AP,1312835.0,537621.0,POINT (1312835 537621)
1221845,Gleason,WHEA,20902,RLU,AP,1302699.0,496631.0,POINT (1302699 496631)
1048052,Silver Spring,SILV,20910,ACC,PE,1306479.0,482736.0,POINT (1306479 482736)
1064006,Sligo Creek,TAKO,20912,ACC,EX,1310685.0,481961.0,POINT (1310685 481961)
1379615,University,SILV,20901,RLU,AP,1306864.0,494866.0,POINT (1306864 494866)
3219912,Ashton,ASHT,20861,RLU,PE,1313261.0,542066.0,POINT (1313261 542066)
1047183,Easley,SILV,20910,RLU,AP,1307082.0,483368.0,POINT (1307082 483368)
1163807,Remington,SILV,20902,RLU,AP,1308735.0,505122.0,POINT (1308735 505122)
1408172,Browning,TAKO,20912,RLU,AP,1312264.0,483856.0,POINT (1312264 483856)
345808,Piping Rock,SILV,20905,RLU,PE,1310393.0,520620.0,POINT (1310393 520620)
1685506,Dustin,BURT,20866,RLU,AP,1333009.0,531328.0,POINT (1333009 531328)
913913,Comus,CLAR,20871,ACC,LI,1217166.0,575667.0,POINT (1217166 575667)
595411,Ridge,BETH,20817,ACC,LI,1277010.0,485843.0,POINT (1277010 485843)
1234335,Feldon,SILV,20906,RLU,PE,1290805.0,509299.0,POINT (1290805 509299)
1068686,Maple,TAKO,20912,ACC,EX,1311142.0,481556.0,POINT (1311142 481556)
3501740,Fairland,SILV,20910,RLU,PE,1314363.0,512951.0,POINT (1314363 512951)
2870940,Greenbriar,POTO,20854,RLU,AP,1243860.0,508698.0,POINT (1243860 508698)
3253556,Falconcrest,GERM,20874,RLU,AP,1229811.0,540778.0,POINT (1229811 540778)
544046,West Virginia,BETH,20814,RLU,AP,1285797.0,482254.0,POINT (1285797 482254)
1185770,Veirs Mill,SILV,20902,RLU,AP,1294147.0,501954.0,POINT (1294147 501954)
3207058,Springer,BETH,20817,RLU,AP,1274294.0,481491.0,POINT (1274294 481491)
586941,Greentree,BETH,20817,RLU,AP,1277972.0,485867.0,POINT (1277972 485867)
3520377,Stonington,SILV,20902,RLU,AP,1307025.0,504826.0,POINT (1307025 504826)
1058780,Sycamore,TAKO,20912,ACC3,LI,1310905.0,477362.0,POINT (1310905 477362)
3595281,Howard Chapel,DAMA,20872,RLU,PE,1261437.0,594880.0,POINT (1261437 594880)
3051780,Conrad Spring,BOYD,20841,RLU,AP,1220673.0,568649.0,POINT (1220673 568649)
666826,Sinnott,BETH,20817,ACC3,PE,1276063.0,493564.0,POINT (1276063 493564)
3356400,Primula,LAYT,20882,RLU,AP,1263566.0,577739.0,POINT (1263566 577739)
1734697,River,POTO,20854,ACC,LI,1234361.0,504840.0,POINT (1234361 504840)
1336161,Cory,WHEA,20902,RLU,AP,1297216.0,504879.0,POINT (1297216 504879)
1825565,Royal Dominion,BETH,20817,RLU,AP,1268452.0,480358.0,POINT (1268452 480358)
344074,Eldrid,SILV,20904,ACC3,LI,1309408.0,509443.0,POINT (1309408 509443)
709881,Mt Everest,SILV,20906,ACC,LI,1295816.0,528801.0,POINT (1295816 528801)
594360,Lowell,BETH,20817,ACC,LI,1276727.0,485450.0,POINT (1276727 485450)
1971126,Blue Violet,GAIT,20879,RLU,AP,1262774.0,546280.0,POINT (1262774 546280)
1324607,Hyde,SILV,20902,ACC3,PE,1306682.0,502109.0,POINT (1306682 502109)
2651371,Kaul,GERM,20876,RLU,AP,1252251.0,559879.0,POINT (1252251 559879)
338665,Broadmore,SILV,20904,RLU,AP,1315707.0,510401.0,POINT (1315707 510401)
356265,Chartwell,SILV,20904,RLU,AP,1307710.0,511468.0,POINT (1307710 511468)
1450728,Queensguard,SILV,20906,ACC3,LI,1300726.0,517399.0,POINT (1300726 517399)
1330621,Charlton,SILV,20902,ACC,LI,1308295.0,501615.0,POINT (1308295 501615)
891735,Toulone,POTO,20854,RLU,AP,1260066.0,503058.0,POINT (1260066 503058)
253732,Schindler,SILV,20903,ACC3,FC,1315135.0,496411.0,POINT (1315135 496411)
2535635,Preakness,DAMA,20872,RLU,AP,1249366.0,578210.0,POINT (1249366 578210)
1080996,Buffalo,TAKO,20912,RLU,AP,1306680.0,478591.0,POINT (1306680 478591)
1148813,Sundale,SILV,20910,ACC3,LI,1299059.0,485622.0,POINT (1299059 485622)
310695,Orchard,SILV,20904,RLU,AP,1315351.0,515684.0,POINT (1315351 515684)
2043272,Showbarn,DAMA,20872,RLU,AP,1253167.0,580915.0,POINT (1253167 580915)
3219650,Iron Gate,ROCK,20854,RLU,PE,1256005.0,493926.0,POINT (1256005 493926)
2265525,Hourglass,GERM,20876,ACC,EX,1243919.0,558046.0,POINT (1243919 558046)
289198,New Hampshire,SILV,20903,ACC,EX,1318023.0,494538.0,POINT (1318023 494538)
336600,Briggs Chaney,SILV,20905,RLU,AP,1325968.0,517532.0,POINT (1325968 517532)
468226,Brookville,CHEV,20815,ACC,LI,1292034.0,479027.0,POINT (1292034 479027)
502304,Wiscasset,BETH,20816,ACC,PE,1275632.0,473496.0,POINT (1275632 473496)
2524665,Holly Leaf,BETH,20817,RLU,AP,1258761.0,480550.0,POINT (1258761 480550)
1019403,Dupont,KENS,20895,ACC,LI,1291732.0,496994.0,POINT (1291732 496994)
448467,Maryland,BETH,20816,ACC,PE,1278061.0,465553.0,POINT (1278061 465553)
271651,Norwood,SILV,20905,ACC,EX,1306531.0,530584.0,POINT (1306531 530584)
1252323,Flack,SILV,20906,RLU,AP,1297564.0,507455.0,POINT (1297564 507455)
1201005,University,KENS,20895,RLU,AP,1293890.0,498492.0,POINT (1293890 498492)
2213954,Wellesley,GLEN,20812,ACC,LI,1271226.0,475260.0,POINT (1271226 475260)
474581,Ridgewood,CHEV,20815,RLU,AP,1288585.0,479582.0,POINT (1288585 479582)
3051791,Conrad Spring,BOYD,20841,RLU,AP,1220808.0,568421.0,POINT (1220808 568421)
2172807,Purcell,POTO,20854,RLU,AP,1262851.0,490768.0,POINT (1262851 490768)
711100,Norbrook,OLNE,20832,ACC3,PE,1294822.0,534056.0,POINT (1294822 534056)
284983,Mantz,SILV,20903,RLU,AP,1318686.0,496153.0,POINT (1318686 496153)
3162861,Central,TAKO,20912,ACC3,PE,1313471.0,479863.0,POINT (1313471 479863)
2279340,Oak Hill,SILV,20905,RLU,AP,1321033.0,534029.0,POINT (1321033 534029)
1838022,Hidden Valley,SILV,20904,RLU,AP,1320649.0,511980.0,POINT (1320649 511980)
265672,Batson,SPEN,20868,RLU,PE,1324483.0,531220.0,POINT (1324483 531220)
337808,Solmar,SILV,20904,ACC3,LI,1321758.0,513937.0,POINT (1321758 513937)
1890144,Dustin,BURT,20866,RLU,AP,1335980.0,529416.0,POINT (1335980 529416)
3004298,Stratford Garden,SILV,20904,ACC,EX,1319936.0,508898.0,POINT (1319936 508898)
338200,Broadmore,SILV,20904,ACC,LI,1315156.0,511287.0,POINT (1315156 511287)
3134885,Mc Knew,BURT,20866,ACC,PE,1334646.0,523579.0,POINT (1334646 523579)
306168,Nolcrest,SILV,20903,RLU,AP,1315341.0,497856.0,POINT (1315341 497856)
2214628,Memory,SILV,20904,RLU,AP,1328159.0,509961.0,POINT (1328159 509961)
257728,Armond,SILV,20905,RLU,AP,1320227.0,530037.0,POINT (1320227 530037)
333685,Eastbourne,SILV,20904,RLU,AP,1315584.0,508116.0,POINT (1315584 508116)
250886,Briggs Chaney,SILV,20905,ACC3,LI,1324536.0,517023.0,POINT (1324536 517023)
348618,Kathryn,SILV,20904,RLU,AP,1314968.0,503536.0,POINT (1314968 503536)
376252,Cabinwood,SILV,20904,ACC3,LI,1316395.0,511548.0,POINT (1316395 511548)
286242,Gatewood,SILV,20903,ACC,LI,1320594.0,494908.0,POINT (1320594 494908)
3393093,Briggs Chaney,SILV,20905,RLU,AP,1325438.0,516693.0,POINT (1325438 516693)
297108,Parham,SILV,20903,RLU,AP,1318300.0,491030.0,POINT (1318300 491030)
375554,Cullen,SILV,20905,RLU,AP,1319269.0,519567.0,POINT (1319269 519567)
C000208,Daleshire,BURT,20866,ACC,EX,1331765.0,516529.0,POINT (1331765 516529)
3159841,Forest Dale,SILV,20903,ACC3,LI,1321388.0,494174.0,POINT (1321388 494174)
2421937,Sugar Pine,BURT,20866,RLU,AP,1334198.0,523116.0,POINT (1334198 523116)
3052784,Starcrest,SILV,20904,RLU,AP,1323884.0,514577.0,POINT (1323884 514577)
2014612,Cabin Creek,BURT,20866,ACC,LI,1325226.0,521265.0,POINT (1325226 521265)
3497500,New Hampshire,BRKV,20833,RLU,AP,1301389.0,561108.0,POINT (1301389 561108)
337397,Parallel,SILV,20904,ACC,EX,1322351.0,515644.0,POINT (1322351 515644)
364232,Bellevue,SILV,20904,ACC,EX,1328362.0,508053.0,POINT (1328362 508053)
285761,Parkman,SILV,20903,RLU,AP,1316887.0,494717.0,POINT (1316887 494717)
337182,Solmar,SILV,20904,ACC3,LI,1321040.0,513676.0,POINT (1321040 513676)
363102,Shanandale,SILV,20904,RLU,PE,1324829.0,508696.0,POINT (1324829 508696)
768583,Alden,GAIT,20877,ACC,LI,1259319.0,,POINT (1259319 NaN)
1009302,Stockton,SILV,20901,RLU,AP,1309758.0,488959.0,POINT (1309758 488959)
1816424,Prince John,BURT,20866,RLU,AP,1325470.0,521871.0,POINT (1325470 521871)
3543460,Penny,SILV,20904,RLU,AP,1325512.0,510551.0,POINT (1325512 510551)
3746787,Congressional,POTO,20854,RLU,PE,1257100.0,486407.0,POINT (1257100 486407)
258632,Graybill,BURT,20866,RLU,AP,1330734.0,523479.0,POINT (1330734 523479)
486772,Wilson,BETH,20814,RLU,AP,1280825.0,480783.0,POINT (1280825 480783)
321528,Batchelors,SILV,20904,ACC3,LI,1322847.0,515437.0,POINT (1322847 515437)
3257053,Novak,BURT,20866,RLU,AP,1326626.0,523353.0,POINT (1326626 523353)
481371,Spring,CABI,20818,RLU,AP,1265454.0,477546.0,POINT (1265454 477546)
3179176,Ethan Allen,TAKO,20912,ACC,PE,1312529.0,477470.0,POINT (1312529 477470)
1888948,Dustin,BURT,20866,RLU,AP,1332710.0,530961.0,POINT (1332710 530961)
3450616,Ethel Rose,BOYD,20841,RLU,AP,1237393.0,563607.0,POINT (1237393 563607)
2187045,Rising Wind,SILV,20905,ACC3,LI,1316828.0,521224.0,POINT (1316828 521224)
2834634,Grassy Knoll,GERM,20874,RLU,AP,1248369.0,551074.0,POINT (1248369 551074)
3310260,Polynesian,BOYD,20841,RLU,AP,1228138.0,544683.0,POINT (1228138 544683)
3041906,Mocking Bird,DARN,20878,RLU,AP,1230791.0,520284.0,POINT (1230791 520284)
1354375,Indian Spring,SILV,20901,ACC,EX,1311389.0,490629.0,POINT (1311389 490629)
929246,Woodview,DAMA,20872,RLU,AP,1246611.0,603918.0,POINT (1246611 603918)
13786,Goshen,GAIT,20879,RLU,AP,1259662.0,558737.0,POINT (1259662 558737)
90487,White Flint,KENS,20895,ACC3,LI,1282411.0,499963.0,POINT (1282411 499963)
1075181,Manor,TAKO,20912,ACC,EX,1311068.0,477722.0,POINT (1311068 477722)
2535577,Secretariat,DAMA,20872,RLU,AP,1248896.0,578345.0,POINT (1248896 578345)
1241581,Randolph,SILV,20902,ACC,LI,1291960.0,506847.0,POINT (1291960 506847)
1141036,Parkwood,BETH,20814,ACC3,LI,1286501.0,490328.0,POINT (1286501 490328)
1382511,Loree,ROCK,20853,ACC,LI,1285460.0,515672.0,POINT (1285460 515672)
505502,Wapakoneta,BETH,20816,ACC,EX,1277416.0,471965.0,POINT (1277416 471965)
2867007,Lake Potomac,POTO,20854,RLU,AP,1243015.0,505423.0,POINT (1243015 505423)
2672395,Jockey Club,DAMA,20872,RLU,AP,1249384.0,576855.0,POINT (1249384 576855)
1307922,Beaver,ROCK,20853,RLU,AP,1289858.0,511717.0,POINT (1289858 511717)
728428,Queen Mary,OLNE,20832,RLU,AP,1289910.0,538262.0,POINT (1289910 538262)
2703087,Dry Ridge,MONT,20886,RLU,AP,1265000.0,552315.0,POINT (1265000 552315)
3381528,Ridge,MTRY,21771,RLU,AP,1258232.0,607231.0,POINT (1258232 607231)
134183,Pilgrims,ROCK,20855,ACC,PE,1274924.0,535952.0,POINT (1274924 535952)
1040730,Silver Spring,SILV,20910,ACC3,LI,1306244.0,482451.0,POINT (1306244 482451)
1119981,Bucknell,SILV,20902,ACC,PE,1299650.0,496501.0,POINT (1299650 496501)
3375802,Rosemont,NBTH,20852,RLU,AP,1276038.0,497745.0,POINT (1276038 497745)
1225535,Farthing,SILV,20906,ACC,LI,1292795.0,508395.0,POINT (1292795 508395)
1154120,Hillridge,KENS,20895,RLU,AP,1292881.0,491482.0,POINT (1292881 491482)
589977,Kentbury,BETH,20814,RLU,AP,1288453.0,481711.0,POINT (1288453 481711)
469471,Summerfield,CHEV,20815,RLU,AP,1292010.0,475746.0,POINT (1292010 475746)
2609997,Meredith,DERW,20855,RLU,AP,1279469.0,551809.0,POINT (1279469 551809)
1092972,Arcola,SILV,20902,ACC3,PE,1298563.0,502887.0,POINT (1298563 502887)
1481456,Coles Chance,NPOT,20878,RLU,AP,1244454.0,522256.0,POINT (1244454 522256)
534253,Greentree,BETH,20817,ACC,LI,1280362.0,485785.0,POINT (1280362 485785)
4920,Riggs,LAYT,20882,RLU,AP,1280977.0,561114.0,POINT (1280977 561114)
1567761,New Hampshire,ASHT,20861,RLU,AP,1307768.0,544410.0,POINT (1307768 544410)
1039002,Thayer,SILV,20910,ACC3,FD,1305896.0,482933.0,POINT (1305896 482933)
935225,Kings Valley,GERM,20876,RLU,AP,1247673.0,577807.0,POINT (1247673 577807)
984635,Mississippi,SILV,20910,ACC,EX,1308654.0,481985.0,POINT (1308654 481985)
1224928,Connecticut,SILV,20906,ACC3,LI,1291351.0,506745.0,POINT (1291351 506745)
3331934,Kings Crossing,BOYD,20841,RLU,AP,1224939.0,544745.0,POINT (1224939 544745)
1273108,Heathfield,ROCK,20853,RLU,AP,1288017.0,516924.0,POINT (1288017 516924)
522005,Delfield,CHEV,20815,RLU,AP,1292754.0,479741.0,POINT (1292754 479741)
2741962,Crossland,NPOT,20878,RLU,AP,1235741.0,516627.0,POINT (1235741 516627)
2441376,Lake Potomac,POTO,20854,RLU,AP,1240420.0,501824.0,POINT (1240420 501824)
1080952,Tulip,TAKO,20912,ACC,EX,1308353.0,477393.0,POINT (1308353 477393)
399993,Marmary,GAIT,20878,ACC3,LI,1241987.0,534975.0,POINT (1241987 534975)
74658,Macon,ROCK,20852,ACC,EX,1285197.0,504281.0,POINT (1285197 504281)
1290661,Greenly,SILV,20906,ACC,EX,1289950.0,507826.0,POINT (1289950 507826)
1336434,Judson,SILV,20902,RLU,AP,1296342.0,505241.0,POINT (1296342 505241)
946946,Seneca View,GAIT,20882,RLU,AP,1265523.0,582941.0,POINT (1265523 582941)
1523995,Thornapple,CHEV,20815,ACC,LI,1291755.0,479265.0,POINT (1291755 479265)
637471,Rockhurst,BETH,20817,ACC,EX,1276902.0,491243.0,POINT (1276902 491243)
134376,Neilwood,ROCK,20852,RLU,AP,1276922.0,502117.0,POINT (1276922 502117)
1292192,Neola,SILV,20906,RLU,AP,1290064.0,510371.0,POINT (1290064 510371)
445828,Barrett,BETH,20814,RLU,AP,1281793.0,478005.0,POINT (1281793 478005)
3374911,Edwards Ferry,POOL,20837,RLU,PE,1180372.0,528273.0,POINT (1180372 528273)
537746,Dorset,CHEV,20815,RLU,AP,1286082.0,473705.0,POINT (1286082 473705)
1271838,Adrian,ROCK,20853,RLU,AP,1285998.0,508348.0,POINT (1285998 508348)
3316288,Old Baltimore,OLNE,20832,RLU,PE,1293733.0,535283.0,POINT (1293733 535283)
852222,Persimmon Tree,POTO,20854,ACC,LI,1254923.0,490388.0,POINT (1254923 490388)
3305172,Tapwood,BOYD,20841,RLU,AP,1229213.0,544155.0,POINT (1229213 544155)
583231,Greentree,BETH,20817,RLU,AP,1273126.0,488223.0,POINT (1273126 488223)
1805487,Watkins,GAIT,20882,RLU,AP,1256641.0,570622.0,POINT (1256641 570622)
444733,Bradley,CHEV,20815,ACC,PE,1282992.0,477262.0,POINT (1282992 477262)
1159838,East West,SILV,20910,RLU,PE,1298501.0,484006.0,POINT (1298501 484006)
1284693,Lantern,SILV,20902,ACC,PE,1289826.0,502597.0,POINT (1289826 502597)
1199481,Drumm,KENS,20895,ACC,LI,1294063.0,497327.0,POINT (1294063 497327)
697474,Farnham,BETH,20814,ACC3,LI,1278535.0,494025.0,POINT (1278535 494025)
559880,Massachusetts,BETH,20816,ACC,LI,1279112.0,471335.0,POINT (1279112 471335)
93446,Smoketree,POTO,20854,ACC3,LI,1265623.0,505095.0,POINT (1265623 505095)
1342253,Adrian,ROCK,20853,ACC3,PE,1286687.0,507850.0,POINT (1286687 507850)
2668495,Montgomery,SILV,20910,ACC,LI,1298689.0,488465.0,POINT (1298689 488465)
1307556,Littleton,SILV,20906,RLU,AP,1289114.0,510386.0,POINT (1289114 510386)
3706406,MacArthur,BETH,20816,ACC,EX,1275523.0,470099.0,POINT (1275523 470099)
906735,Sorrel,POTO,20854,ACC3,LI,1255392.0,493639.0,POINT (1255392 493639)
1177963,Fenimore,SILV,20902,ACC,EX,1295400.0,501916.0,POINT (1295400 501916)
910828,Vantage,POTO,20854,RLU,AP,1261346.0,496208.0,POINT (1261346 496208)
1013953,University,SILV,20901,RLU,AP,1312077.0,489234.0,POINT (1312077 489234)
2294287,Deckman,SILV,20906,RLU,AP,1297882.0,514582.0,POINT (1297882 514582)
2959643,River View,POTO,20854,RLU,AP,1246887.0,496141.0,POINT (1246887 496141)
1071296,Davis,TAKO,20912,ACC,EX,1313158.0,479793.0,POINT (1313158 479793)
323323,Randolph,SILV,20904,RLU,AP,1309503.0,512100.0,POINT (1309503 512100)
89717,Orleans,KENS,20895,RLU,AP,1283667.0,501513.0,POINT (1283667 501513)
2953145,Stedmall,GAIT,20886,RLU,AP,1263408.0,554160.0,POINT (1263408 554160)
2829205,Briggs,SILV,20906,ACC,EX,1299262.0,510945.0,POINT (1299262 510945)
2544457,Tomlinson,CABI,20818,RLU,AP,1266691.0,477468.0,POINT (1266691 477468)
692940,Falmouth,BETH,20816,RLU,AP,1281578.0,469388.0,POINT (1281578 469388)
939074,Oak,DAMA,20872,ACC,LI,1249371.0,583467.0,POINT (1249371 583467)
359942,Palermo,SILV,20904,RLU,AP,1327624.0,507143.0,POINT (1327624 507143)
1061140,Jackson,TAKO,20912,ACC,EX,1312312.0,478562.0,POINT (1312312 478562)
2747401,Meyer Point,POTO,20854,RLU,AP,1255125.0,486942.0,POINT (1255125 486942)
3581444,Yellowwood,CLAR,20871,RLU,AP,1244841.0,572279.0,POINT (1244841 572279)
1250528,Randolph,SILV,20902,ACC,PE,1297310.0,506736.0,POINT (1297310 506736)
1293595,Terrace,CHEV,20815,ACC3,LI,1295206.0,483910.0,POINT (1295206 483910)
1080440,Ritchie,TAKO,20912,ACC,EX,1309919.0,480634.0,POINT (1309919 480634)
444232,Honeywell,BETH,20814,ACC3,LI,1281172.0,479319.0,POINT (1281172 479319)
2006406,Hobart,SILV,20904,ACC,PE,1316801.0,514339.0,POINT (1316801 514339)
3388132,Norbeck Farm,OLNE,20832,ACC3,FC,1298950.0,532411.0,POINT (1298950 532411)
270430,Spencerville,SPEN,20868,RLU,AP,1317996.0,528278.0,POINT (1317996 528278)
2236636,Wonder View,NPOT,20878,RLU,AP,1240360.0,521745.0,POINT (1240360 521745)
513147,Southwick,BETH,20817,RLU,AP,1280871.0,485432.0,POINT (1280871 485432)
3204660,Canterfield,GERM,20876,RLU,AP,1240823.0,566200.0,POINT (1240823 566200)
295691,Oakview,SILV,20903,ACC,EX,1315868.0,491508.0,POINT (1315868 491508)
296068,Moffet,SILV,20903,RLU,AP,1318042.0,491883.0,POINT (1318042 491883)
372846,Pebblestone,SILV,20905,ACC,EX,1305872.0,519987.0,POINT (1305872 519987)
1726573,New Hampshire,BRIN,20862,RLU,AP,1304864.0,553715.0,POINT (1304864 553715)
286105,Mantz,SILV,20903,RLU,AP,1318588.0,496266.0,POINT (1318588 496266)
2278414,Sorrel,POTO,20854,RLU,AP,1258401.0,492121.0,POINT (1258401 492121)
3136075,Pierce Point,ROCK,20854,RLU,AP,1257512.0,484165.0,POINT (1257512 484165)
2771081,Chinaberry,NO P,20878,ACC3,LI,1240137.0,525109.0,POINT (1240137 525109)
2942448,Hershfield,SILV,20904,ACC,EX,1324925.0,509358.0,POINT (1324925 509358)
1890100,Dustin,BURT,20866,RLU,PE,1335296.0,528954.0,POINT (1335296 528954)
3379605,Boland Farm,GERM,20874,ACC,LI,1242068.0,556132.0,POINT (1242068 556132)
2843935,Stable,POTO,20854,RLU,PE,1249108.0,479163.0,POINT (1249108 479163)
3029595,Notley,SILV,20904,RLU,AP,1310214.0,515579.0,POINT (1310214 515579)
1357117,Carmody,SILV,20902,ACC,EX,1300598.0,498458.0,POINT (1300598 498458)
313175,La Grande,SILV,20903,ACC3,LI,1315669.0,494927.0,POINT (1315669 494927)
1384246,Brad,ROCK,20853,ACC,LI,1286763.0,518011.0,POINT (1286763 518011)
2910044,Grey Castle,SILV,20903,RLU,AP,1319048.0,490591.0,POINT (1319048 490591)
3232417,Woodfield,GAIT,20882,RLU,AP,1264667.0,560125.0,POINT (1264667 560125)
722991,New Hampshire,BRKV,20833,ACC,LI,1306286.0,556573.0,POINT (1306286 556573)
3043632,Brighton Dam,BRKV,20833,ACC,LI,1297744.0,551357.0,POINT (1297744 551357)
298227,Dilston,SILV,20903,ACC,EX,1316614.0,491534.0,POINT (1316614 491534)
1306767,Renn,ROCK,20853,ACC,EX,1287025.0,515608.0,POINT (1287025 515608)
535326,Falstone,CHEV,20815,RLU,PE,1284073.0,473307.0,POINT (1284073 473307)
1395615,Arcola,SILV,20902,ACC3,LI,1301454.0,502923.0,POINT (1301454 502923)
1397922,Heron,SILV,20901,ACC,EX,1314248.0,486150.0,POINT (1314248 486150)
1720873,Cripplegate,POTO,20854,RLU,AP,1245517.0,489259.0,POINT (1245517 489259)
1350025,Playford,SILV,20901,RLU,AP,1308037.0,499044.0,POINT (1308037 499044)
983551,Estona,WHEA,20902,ACC,LI,1295110.0,500678.0,POINT (1295110 500678)
1524055,Darnestown,DARN,20878,ACC3,FD,1231252.0,524113.0,POINT (1231252 524113)
1813820,Elmwood,BETH,20815,RLU,AP,1282294.0,475910.0,POINT (1282294 475910)
1091170,1st,SILV,20910,ACC3,FC,1301791.0,486313.0,POINT (1301791 486313)
3413261,Cherry Branch,CLAR,20871,RLU,AP,1239245.0,574285.0,POINT (1239245 574285)
3157911,Lincoln,TAKO,20912,ACC,EX,1311589.0,478796.0,POINT (1311589 478796)
712673,Holiday,BRKV,20833,RLU,AP,1294311.0,553934.0,POINT (1294311 553934)
617553,Pauline,CHEV,20815,RLU,AP,1293456.0,481504.0,POINT (1293456 481504)
3253603,Lubar,BRKV,20833,RLU,AP,1296633.0,553114.0,POINT (1296633 553114)
367361,Wellwood,SILV,20905,ACC3,LI,1309419.0,521816.0,POINT (1309419 521816)
1275574,Vandalia,ROCK,20853,RLU,AP,1288902.0,514365.0,POINT (1288902 514365)
3144851,Kenton,SILV,20902,ACC3,FD,1293477.0,500700.0,POINT (1293477 500700)
775896,Darnestown,ROCK,20850,RLU,AP,1253266.0,521355.0,POINT (1253266 521355)
2523034,83rd,CABI,20818,RLU,PE,1263804.0,476034.0,POINT (1263804 476034)
2287305,Autumn Ridge,SILV,20906,RLU,AP,1301122.0,513352.0,POINT (1301122 513352)
2361172,Ridge,ROCK,20853,ACC,EX,1284258.0,538287.0,POINT (1284258 538287)
4133,Warfield,GAIT,20882,ACC3,FC,1263683.0,555111.0,POINT (1263683 555111)
519086,Woodlawn,CHEV,20815,RLU,AP,1281937.0,475204.0,POINT (1281937 475204)
507831,Walhonding,BETH,20816,RLU,AP,1277350.0,472024.0,POINT (1277350 472024)
2491894,Orchard View,GAIT,20878,ACC3,LI,1240896.0,530713.0,POINT (1240896 530713)
1068345,Sherman,TAKO,20912,ACC,EX,1310566.0,478975.0,POINT (1310566 478975)
302126,Arbor Hill,SILV,20903,RLU,AP,1316042.0,491691.0,POINT (1316042 491691)
3230965,Firestone,SILV,20905,RLU,AP,1309626.0,530286.0,POINT (1309626 530286)
646486,Marbury,BETH,20817,ACC,PE,1277910.0,480539.0,POINT (1277910 480539)
483142,78th,CABI,20818,ACC,EX,1266993.0,476408.0,POINT (1266993 476408)
1281212,Keating,ROCK,20853,ACC,LI,1287727.0,513892.0,POINT (1287727 513892)
2953260,Stedmall,MONT,20886,RLU,AP,1263589.0,554365.0,POINT (1263589 554365)
369702,Watergate,SILV,20905,RLU,AP,1309466.0,522793.0,POINT (1309466 522793)
635712,Rockhurst,BETH,20817,RLU,AP,1276413.0,491076.0,POINT (1276413 491076)
697246,Berkshire,BETH,20814,ACC,PE,1278312.0,493992.0,POINT (1278312 493992)
962684,Horde,SILV,20902,RLU,PE,1300011.0,498421.0,POINT (1300011 498421)
2761481,Hawkins Creamery,GAIT,20882,RLU,AP,1268680.0,576083.0,POINT (1268680 576083)
433650,Acacia,BETH,20814,ACC3,LI,1284010.0,488355.0,POINT (1284010 488355)
2870951,Greenbriar,POTO,20854,RLU,AP,1243654.0,508340.0,POINT (1243654 508340)
2909147,Country Club,BETH,20817,RLU,AP,1260605.0,480053.0,POINT (1260605 480053)
2183322,Cavendish,SILV,20905,RLU,AP,1316812.0,518583.0,POINT (1316812 518583)
2211545,Beethoven,SILV,20904,RLU,AP,1328422.0,510493.0,POINT (1328422 510493)
3277404,Walking Crest,SILV,20906,RLU,AP,1299027.0,511353.0,POINT (1299027 511353)
283567,Winifred,BURT,20866,RLU,AP,1327165.0,526257.0,POINT (1327165 526257)
2351628,Tulip,TAKO,20912,ACC,EX,1307978.0,477713.0,POINT (1307978 477713)
3575660,River Quarry,BETH,20817,RLU,AP,1267007.0,482999.0,POINT (1267007 482999)
1760413,River,POTO,20854,RLU,AP,1235308.0,503721.0,POINT (1235308 503721)
650444,Durbin,BETH,20814,RLU,AP,1280758.0,479778.0,POINT (1280758 479778)
3035541,Goshen Valley,GAIT,20882,RLU,AP,1260601.0,563746.0,POINT (1260601 563746)
2711043,Broad,BETH,20816,ACC,LI,1278554.0,463829.0,POINT (1278554 463829)
1336797,Admiralty,SILV,20910,ACC3,LI,1301407.0,491002.0,POINT (1301407 491002)
1003043,Linden,SILV,20910,ACC,LI,1295850.0,489822.0,POINT (1295850 489822)
3326972,Antares,GAIT,20879,RLU,AP,1271081.0,543920.0,POINT (1271081 543920)
868193,Rock Run,POTO,20854,RLU,AP,1248828.0,483664.0,POINT (1248828 483664)
1279823,Harlan,ROCK,20853,ACC3,FD,1285790.0,513886.0,POINT (1285790 513886)
1998650,Veirs Mill,SILV,20906,ACC,LI,1290307.0,504863.0,POINT (1290307 504863)
1392793,Woodedge,SILV,20906,ACC,LI,1296790.0,511986.0,POINT (1296790 511986)
1110638,Hereford,SILV,20901,ACC,PE,1306625.0,493652.0,POINT (1306625 493652)
1598088,Balantre,POTO,20854,RLU,AP,1248942.0,500826.0,POINT (1248942 500826)
1711,Damascus,LAYT,20882,ACC,LI,1283808.0,571360.0,POINT (1283808 571360)
1465605,Grayslake,SILV,20906,RLU,AP,1300072.0,527329.0,POINT (1300072 527329)
645744,Pomander,CHEV,20815,RLU,AP,1294488.0,478711.0,POINT (1294488 478711)
508117,Madawaska,BETH,20816,RLU,AP,1276424.0,470639.0,POINT (1276424 470639)
513067,Southwick,BETH,20817,RLU,AP,1280114.0,485516.0,POINT (1280114 485516)
631122,Woodhaven,BETH,20817,ACC,PE,1275065.0,483344.0,POINT (1275065 483344)
1190286,Renfrew,SILV,20901,RLU,PE,1305621.0,493640.0,POINT (1305621 493640)
115214,Gainsborough,POTO,20854,RLU,AP,1268251.0,503313.0,POINT (1268251 503313)
2379176,Broadmore,SILV,20904,RLU,AP,1314683.0,511654.0,POINT (1314683 511654)
1092312,Parker,SILV,20902,RLU,AP,1298028.0,503497.0,POINT (1298028 503497)
3114535,Crownsgate,GERM,20874,RLU,AP,1232026.0,542945.0,POINT (1232026 542945)
859165,Laurel Oak,BETH,20817,RLU,AP,1266360.0,488641.0,POINT (1266360 488641)
693762,Stardust,BETH,20817,ACC,LI,1276829.0,476272.0,POINT (1276829 476272)
1864076,Springer,BETH,20817,ACC,LI,1274609.0,481024.0,POINT (1274609 481024)
3217935,Richter Farm,BOYD,20841,RLU,AP,1228200.0,541641.0,POINT (1228200 541641)
626488,Maiden,BETH,20817,RLU,AP,1276783.0,479668.0,POINT (1276783 479668)
3288806,Kenilworth,GARR,20896,RLU,AP,1284144.0,500375.0,POINT (1284144 500375)
1301982,Camelot,ROCK,20853,ACC,LI,1284386.0,512174.0,POINT (1284386 512174)
3183750,Earl,BETH,20817,ACC,PE,1267284.0,485557.0,POINT (1267284 485557)
677432,Leland,CHEV,20815,RLU,AP,1285412.0,478167.0,POINT (1285412 478167)
676051,Greenlawn,BETH,20814,RLU,AP,1279627.0,493166.0,POINT (1279627 493166)
1433314,Highland,SILV,20910,RLU,AP,1302341.0,487753.0,POINT (1302341 487753)
3175032,Larch,TAKO,20912,ACC,EX,1314583.0,477575.0,POINT (1314583 477575)
294311,Northwest,SILV,20901,ACC,LI,1312746.0,499099.0,POINT (1312746 499099)
2899127,Lancraft,DARN,20874,RLU,AP,1226134.0,520949.0,POINT (1226134 520949)
448582,Valley,BETH,20816,RLU,AP,1277391.0,465658.0,POINT (1277391 465658)
84418,Luxmanor,NBTH,20852,RLU,PE,1277295.0,501168.0,POINT (1277295 501168)
1065375,Flower,TAKO,20912,RLU,PE,1311858.0,481701.0,POINT (1311858 481701)
84817,Huntover,ROCK,20852,RLU,AP,1276039.0,499791.0,POINT (1276039 499791)
73530,Patapsco,ROCK,20852,RLU,AP,1285762.0,501289.0,POINT (1285762 501289)
3547822,Pilots Landing,DARN,20878,RLU,PE,1235494.0,521395.0,POINT (1235494 521395)
2873737,Caplinger,SILV,20903,RLU,AP,1316137.0,503023.0,POINT (1316137 503023)
129005,Saint James,ROCK,20850,RLU,AP,1254655.0,507922.0,POINT (1254655 507922)
2151634,Gary,POTO,20854,RLU,AP,1252261.0,493068.0,POINT (1252261 493068)
2794856,Fox Meadow,POTO,20854,RLU,AP,1256807.0,486037.0,POINT (1256807 486037)
1098865,Haywood,SILV,20902,RLU,AP,1297031.0,493715.0,POINT (1297031 493715)
2551407,Newbridge,POTO,20854,RLU,AP,1258703.0,491054.0,POINT (1258703 491054)
129517,Over Ridge,POTO,20854,ACC,EX,1261335.0,508127.0,POINT (1261335 508127)
866638,Harrington,POTO,20854,ACC,PE,1260219.0,488121.0,POINT (1260219 488121)
855087,Fenway,BETH,20817,RLU,AP,1263006.0,485115.0,POINT (1263006 485115)
1468778,Plum Creek,GAIT,20882,RLU,AP,1263192.0,556258.0,POINT (1263192 556258)
3233844,Woodfield,GAIT,20882,RLU,AP,1263688.0,564359.0,POINT (1263688 564359)
121705,Bunnell,POTO,20854,RLU,PE,1261273.0,502846.0,POINT (1261273 502846)
3290638,Gladys Farm,GAIT,20882,RLU,AP,1260582.0,565874.0,POINT (1260582 565874)
2362861,Cape Jasmine,GAIT,20879,ACC,LI,1261883.0,543541.0,POINT (1261883 543541)
1755702,Mineral Springs,GAIT,20877,ACC,EX,1266865.0,541049.0,POINT (1266865 541049)
2063656,Blue Smoke,GAIT,20879,RLU,AP,1260940.0,550919.0,POINT (1260940 550919)
2910363,Tea Rose,GAIT,20879,RLU,AP,1263278.0,542810.0,POINT (1263278 542810)
3110138,Delta,LAYT,20882,RLU,AP,1266527.0,557238.0,POINT (1266527 557238)
482114,77th,CABI,20818,ACC,PE,1267208.0,476884.0,POINT (1267208 476884)
510623,University,GLEN,20812,ACC,EX,1271635.0,474836.0,POINT (1271635 474836)
3349927,Bradley,BETH,20817,RLU,AP,1271088.0,487969.0,POINT (1271088 487969)
2553532,Cinnabar,GAIT,20879,ACC3,FC,1268436.0,552947.0,POINT (1268436 552947)
848093,Old Seven Locks,BETH,20817,ACC3,LI,1267138.0,483224.0,POINT (1267138 483224)
2013446,Cushman,ROCK,20878,RLU,AP,1274404.0,501092.0,POINT (1274404 501092)
96085,Tilden,ROCK,20852,RLU,AP,1270897.0,501687.0,POINT (1270897 501687)
653881,Maryknoll,BETH,20817,RLU,AP,1272529.0,481970.0,POINT (1272529 481970)
584532,Cranbrook,BETH,20817,RLU,AP,1274610.0,485061.0,POINT (1274610 485061)
668027,Loring,BETH,20817,ACC3,LI,1273864.0,483426.0,POINT (1273864 483426)
726305,Pinetree,ROCK,20853,RLU,AP,1287996.0,529724.0,POINT (1287996 529724)
2966400,Seabrook,MONT,20886,RLU,AP,1268181.0,553550.0,POINT (1268181 553550)
1282182,Parkland,ROCK,20853,RLU,AP,1287516.0,514339.0,POINT (1287516 514339)
755694,Powder House,ROCK,20853,ACC3,PE,1285533.0,533545.0,POINT (1285533 533545)
2630948,Hitchcock,OLNE,20832,RLU,AP,1295555.0,538392.0,POINT (1295555 538392)
1245362,Bond,SILV,20902,ACC3,LI,1294140.0,506265.0,POINT (1294140 506265)
3018706,Valley,ROCK,20850,RLU,AP,1252553.0,514338.0,POINT (1252553 514338)
1079771,Eastern,TAKO,20912,ACC,EX,1309613.0,475325.0,POINT (1309613 475325)
573403,Wyngate,BETH,20817,ACC3,LI,1277781.0,489359.0,POINT (1277781 489359)
1396118,Bucknell,WHEA,20902,RLU,AP,1299355.0,501463.0,POINT (1299355 501463)
1366602,Lombardy,SILV,20901,RLU,AP,1308714.0,497989.0,POINT (1308714 497989)
880220,Tuckerman,POTO,20854,ACC,EX,1259573.0,503529.0,POINT (1259573 503529)
3446,Griffith,LAYT,20882,RLU,AP,1282007.0,570212.0,POINT (1282007 570212)
733152,Patuxent,ASHT,20861,ACC,LI,1316720.0,538370.0,POINT (1316720 538370)
3097031,Bluebell,OLNE,20832,RLU,AP,1283671.0,541407.0,POINT (1283671 541407)
1090120,First,SILV,20910,ACC,LI,1302051.0,485998.0,POINT (1302051 485998)
100543,Raymond,POTO,20854,ACC3,LI,1263715.0,500902.0,POINT (1263715 500902)
U 474660,Maple,BETH,20814,ACC3,LI,1285903.0,482617.0,POINT (1285903 482617)
285420,Naglee,SILV,20903,RLU,AP,1317049.0,495539.0,POINT (1317049 495539)
1536907,Dustin,BURT,20866,RLU,AP,1335348.0,530299.0,POINT (1335348 530299)
1080917,Carroll,TAKO,20912,ACC,EX,1311887.0,479209.0,POINT (1311887 479209)
1182960,Newport Mill,SILV,20902,RLU,AP,1294042.0,502036.0,POINT (1294042 502036)
871828,Charred Oak,BETH,20817,RLU,AP,1265716.0,487753.0,POINT (1265716 487753)
2224387,Ednor,SILV,20905,RLU,AP,1312376.0,535130.0,POINT (1312376 535130)
2338768,Snowy Owl,SILV,20901,RLU,AP,1309487.0,496282.0,POINT (1309487 496282)
439521,Park,BETH,20816,ACC,LI,1285175.0,469432.0,POINT (1285175 469432)
2798626,Davis Mill,GERM,20874,RLU,AP,1247349.0,569441.0,POINT (1247349 569441)
3125813,Dufief Mill,NO P,20878,RLU,PE,1248202.0,521755.0,POINT (1248202 521755)
693000,Falmouth,BETH,20816,RLU,AP,1282121.0,469458.0,POINT (1282121 469458)
2449463,Randolph,ROCK,20852,RLU,AP,1284798.0,505324.0,POINT (1284798 505324)
260544,Spencerville,SPEN,20868,ACC,LI,1321426.0,527731.0,POINT (1321426 527731)
1589381,Sweepstakes,DAMA,20872,RLU,AP,1251254.0,580514.0,POINT (1251254 580514)
2468648,Chrisman Hill,BOYD,20841,ACC,LI,1227323.0,558137.0,POINT (1227323 558137)
1068447,Flower,TAKO,20912,ACC,EX,1312927.0,479870.0,POINT (1312927 479870)
2870643,Palatine,POTO,20854,RLU,AP,1245299.0,508657.0,POINT (1245299 508657)
947815,Moyer,DAMA,20872,ACC3,FC,1255092.0,582503.0,POINT (1255092 582503)
1910436,Blue Valley,SILV,20904,ACC,LI,1321740.0,511197.0,POINT (1321740 511197)
2753743,Hunting Hill,NPOT,20878,RLU,AP,1241283.0,514976.0,POINT (1241283 514976)
3248652,Primrose,CHEV,20815,RLU,AP,1290550.0,476541.0,POINT (1290550 476541)
333743,Eastbourne,SILV,20904,ACC,EX,1315713.0,507874.0,POINT (1315713 507874)
1823817,Gold Mine,BRKV,20833,RLU,AP,1304581.0,550103.0,POINT (1304581 550103)
304488,Quaint Acres,SILV,20904,RLU,AP,1312699.0,503010.0,POINT (1312699 503010)
495685,Hampden,BETH,20814,RLU,AP,1279900.0,482631.0,POINT (1279900 482631)
555654,Acacia,BETH,20814,ACC,LI,1281986.0,487922.0,POINT (1281986 487922)
1294054,Dameron,SILV,20902,ACC,EX,1302707.0,492824.0,POINT (1302707 492824)
529314,Rosedale,BETH,20814,ACC3,FC,1285438.0,482867.0,POINT (1285438 482867)
1755677,Mineral Springs,GAIT,20877,ACC,PE,1266691.0,541108.0,POINT (1266691 541108)
1141798,Parkwood,BETH,20814,ACC,LI,1284655.0,494247.0,POINT (1284655 494247)
869858,Carteret,BETH,20817,ACC,PE,1267223.0,487875.0,POINT (1267223 487875)
1884894,Partnership,POOL,20837,RLU,AP,1204858.0,529682.0,POINT (1204858 529682)
2999114,Barnesville,BOYD,20841,RLU,AP,1217073.0,557784.0,POINT (1217073 557784)
3061722,Cervantes,DARN,20874,RLU,AP,1229014.0,520754.0,POINT (1229014 520754)
2809710,High Meadow,NPOT,20878,RLU,AP,1237466.0,519192.0,POINT (1237466 519192)
21126,Prices Distillery,CLAR,20871,RLU,PE,1235532.0,593074.0,POINT (1235532 593074)
2130437,Braemar Crescent,DARN,20878,RLU,AP,1231228.0,521851.0,POINT (1231228 521851)
1827473,Canal Vista,POTO,20854,ACC3,LI,1232221.0,505311.0,POINT (1232221 505311)
3361086,Ashleigh Greene,BOYD,20841,RLU,AP,1228145.0,543787.0,POINT (1228145 543787)
3197951,Mt Prospect,ROCK,20850,ACC3,FD,1242438.0,514135.0,POINT (1242438 514135)
2336075,Cloverdale,GERM,20874,RLU,PE,1232796.0,557145.0,POINT (1232796 557145)
577024,Lindale,BETH,20817,ACC,EX,1278271.0,489822.0,POINT (1278271 489822)
3395800,Quince Orchard,NPOT,20878,RLU,AP,1240376.0,523167.0,POINT (1240376 523167)
2738645,Turley,NO P,20878,RLU,AP,1240669.0,523836.0,POINT (1240669 523836)
2968682,Morning Star,GERM,20876,RLU,AP,1241828.0,565258.0,POINT (1241828 565258)
2492295,Mc Donald Chapel,GAIT,20878,RLU,PE,1240529.0,529698.0,POINT (1240529 529698)
1080850,Ritchie,SILV,20910,RLU,AP,1309481.0,480388.0,POINT (1309481 480388)
949107,Bellehaven,DAMA,20872,RLU,AP,1248742.0,582658.0,POINT (1248742 582658)
879391,Alloway,POTO,20854,RLU,PE,1248289.0,488872.0,POINT (1248289 488872)
2980902,Martins Dairy,OLNE,20832,RLU,AP,1291074.0,533538.0,POINT (1291074 533538)
814373,Parkridge,GAIT,20878,RLU,AP,1244311.0,539727.0,POINT (1244311 539727)
1681122,Treva,GERM,20876,RLU,AP,1247634.0,561405.0,POINT (1247634 561405)
913068,Falls Bridge,POTO,20854,ACC,LI,1252629.0,489750.0,POINT (1252629 489750)
942460,Haney,DAMA,20872,RLU,PE,1247300.0,593255.0,POINT (1247300 593255)
3072428,Flanagan,GERM,20876,RLU,AP,1247991.0,549396.0,POINT (1247991 549396)
3506731,Ridge,DAMA,20872,RLU,AP,1248494.0,580051.0,POINT (1248494 580051)
1589984,Sweepstakes,DAMA,20872,RLU,AP,1250648.0,580785.0,POINT (1250648 580785)
1782410,Donovan,GAIT,20879,ACC,EX,1249479.0,546864.0,POINT (1249479 546864)
847497,Brickyard,POTO,20854,RLU,AP,1248233.0,485749.0,POINT (1248233 485749)
2655414,Watts Mine,POTO,20854,RLU,AP,1253670.0,486338.0,POINT (1253670 486338)
897880,Edge Park,POTO,20854,RLU,AP,1254414.0,505158.0,POINT (1254414 505158)
2762350,Newbridge,POTO,20854,RLU,AP,1257870.0,489822.0,POINT (1257870 489822)
3011944,Sweetwood,ROCK,20850,RLU,PE,1251028.0,517143.0,POINT (1251028 517143)
2650401,Preakness,DAMA,20872,RLU,AP,1249329.0,579683.0,POINT (1249329 579683)
2926346,Pennywise,GAIT,20877,ACC3,LI,1256912.0,544025.0,POINT (1256912 544025)
2653927,Avenel Farm,POTO,20854,RLU,AP,1255852.0,486492.0,POINT (1255852 486492)
1369478,Cable,KENS,20895,ACC,PE,1287894.0,490815.0,POINT (1287894 490815)
1339437,Havard,SILV,20906,ACC,PE,1288368.0,508111.0,POINT (1288368 508111)
1261167,Spruell,KENS,20895,ACC,LI,1289656.0,499858.0,POINT (1289656 499858)
2164738,Cashell,ROCK,20853,ACC,LI,1288901.0,533484.0,POINT (1288901 533484)
628636,Cedar,BETH,20814,ACC,LI,1286362.0,489277.0,POINT (1286362 489277)
1144702,Thornwood,KENS,20895,ACC,PE,1287635.0,493364.0,POINT (1287635 493364)
1172835,Sigsbee,SILV,20906,RLU,PE,1287200.0,505319.0,POINT (1287200 505319)
628578,Cedar,BETH,20814,ACC,LI,1286364.0,489191.0,POINT (1286364 489191)
1343417,Conger,SILV,20906,ACC,LI,1288628.0,507443.0,POINT (1288628 507443)
1869490,Norwood,CHEV,20815,ACC3,LI,1286054.0,476723.0,POINT (1286054 476723)
458320,Lenox,CHEV,20815,RLU,AP,1288717.0,475146.0,POINT (1288717 475146)
467984,Windsor,CHEV,20815,ACC,EX,1291902.0,480090.0,POINT (1291902 480090)
628157,Parkhill,BETH,20814,ACC,LI,1287324.0,488214.0,POINT (1287324 488214)
1374624,London,ROCK,20853,ACC,LI,1289669.0,517240.0,POINT (1289669 517240)
1157670,Colston,CHEV,20815,ACC3,LI,1297006.0,482777.0,POINT (1297006 482777)
1922024,Baileys,SILV,20906,ACC,LI,1295518.0,525214.0,POINT (1295518 525214)
701464,Georgia,BRKV,20833,RLU,AP,1294772.0,552754.0,POINT (1294772 552754)
1137205,Jennings,KENS,20895,RLU,PE,1293820.0,496814.0,POINT (1293820 496814)
3288921,Georgia,BRKV,20833,ACC,LI,1294769.0,553623.0,POINT (1294769 553623)
1458028,Heritage,SILV,20906,RLU,AP,1296519.0,517381.0,POINT (1296519 517381)
1317282,Estelle,SILV,20906,RLU,AP,1293609.0,511467.0,POINT (1293609 511467)
1415394,Layhill,SILV,20906,ACC,LI,1299076.0,509750.0,POINT (1299076 509750)
967130,Glenhaven,SILV,20902,ACC,LI,1300120.0,499300.0,POINT (1300120 499300)
1149271,Dennis,SILV,20901,RLU,AP,1304606.0,494006.0,POINT (1304606 494006)
1090107,Lanier,SILV,20910,ACC,LI,1299840.0,487402.0,POINT (1299840 487402)
1101086,Haywood,SILV,20902,RLU,AP,1297246.0,493946.0,POINT (1297246 493946)
1175202,Henderson,WHEA,20902,RLU,PE,1297610.0,504152.0,POINT (1297610 504152)
1395397,Yates,SILV,20902,RLU,AP,1301499.0,501779.0,POINT (1301499 501779)
1002835,Wilton,SILV,20910,RLU,AP,1295350.0,489757.0,POINT (1295350 489757)
1268671,Bucknell,WHEA,20902,ACC,LI,1299177.0,499969.0,POINT (1299177 499969)
528684,Rosedale,BETH,20814,ACC3,FD,1286402.0,482899.0,POINT (1286402 482899)
1347643,Osborn,SILV,20910,ACC,LI,1298960.0,489749.0,POINT (1298960 489749)
260943,Johnson,SILV,20905,RLU,AP,1306678.0,524985.0,POINT (1306678 524985)
1113200,Forest Grove,SILV,20902,ACC3,FC,1301723.0,493516.0,POINT (1301723 493516)
1393423,Channing,SILV,20902,ACC,LI,1300698.0,501907.0,POINT (1300698 501907)
1070042,Maple,TAKO,20912,ACC,EX,1309129.0,478025.0,POINT (1309129 478025)
1337440,Forest Glen,SILV,20910,ACC,LI,1300459.0,491222.0,POINT (1300459 491222)
1106396,Greenock,SILV,20901,ACC,EX,1306061.0,492311.0,POINT (1306061 492311)
1075237,Boston,TAKO,20912,ACC,EX,1307659.0,479670.0,POINT (1307659 479670)
956433,Springvale,SILV,20910,RLU,AP,1305749.0,485742.0,POINT (1305749 485742)
281980,Old Orchard,SILV,20905,ACC3,FD,1308537.0,531413.0,POINT (1308537 531413)
1069180,Hodges,TAKO,20912,ACC,EX,1308324.0,479536.0,POINT (1308324 479536)
1099244,Douglas,SILV,20902,ACC3,LI,1299126.0,494289.0,POINT (1299126 494289)
376467,Springloch,SILV,20904,ACC,PE,1305598.0,508539.0,POINT (1305598 508539)
1225810,Fairly,SILV,20906,ACC3,FC,1291215.0,507451.0,POINT (1291215 507451)
1312198,Ferrara,SILV,20906,ACC,EX,1289699.0,504793.0,POINT (1289699 504793)
3188318,Wintersweet,ROCK,20853,RLU,AP,1289558.0,526838.0,POINT (1289558 526838)
541191,Chase,BETH,20814,ACC,LI,1286549.0,481877.0,POINT (1286549 481877)
1242893,Everton,WHEA,20906,RLU,AP,1291082.0,506935.0,POINT (1291082 506935)
1249677,Huggins,SILV,20902,ACC,EX,1291142.0,503279.0,POINT (1291142 503279)
1151775,Hillridge,KENS,20895,ACC3,PE,1292899.0,491090.0,POINT (1292899 491090)
1786873,Cherokee,OLNE,20832,RLU,AP,1290634.0,537537.0,POINT (1290634 537537)
1386520,Oakvale,ROCK,20853,ACC,EX,1286501.0,517924.0,POINT (1286501 517924)
728997,John Carroll,OLNE,20832,RLU,AP,1292023.0,538509.0,POINT (1292023 538509)
763023,Treadway,BRKV,20833,RLU,AP,1292973.0,547882.0,POINT (1292973 547882)
1136906,Plyers Mill,SILV,20902,ACC,LI,1295254.0,496497.0,POINT (1295254 496497)
426222,Western,CHEV,20815,RLU,AP,1294301.0,477872.0,POINT (1294301 477872)
531330,Rollingwood,CHEV,20815,ACC,LI,1293874.0,478969.0,POINT (1293874 478969)
1246721,Feldon,SILV,20906,ACC,LI,1290957.0,509408.0,POINT (1290957 509408)
506483,Massachusetts,BETH,20816,ACC,LI,1277778.0,472305.0,POINT (1277778 472305)
641848,Rockhurst,BETH,20817,RLU,AP,1274586.0,490796.0,POINT (1274586 490796)
640057,Crathie,BETH,20816,ACC,PE,1272863.0,475770.0,POINT (1272863 475770)
2883838,Fernwood,BETH,20817,ACC,LI,1273981.0,487410.0,POINT (1273981 487410)
2096496,Founders Mill,ROCK,20855,RLU,AP,1269845.0,536237.0,POINT (1269845 536237)
1785071,Hollingsworth,DERW,20855,RLU,AP,1275923.0,539552.0,POINT (1275923 539552)
561848,Nahant,BETH,20816,ACC,LI,1278902.0,470480.0,POINT (1278902 470480)
580328,Hempstead,BETH,20817,RLU,AP,1279461.0,487277.0,POINT (1279461 487277)
619448,Lenox,BETH,20817,ACC3,LI,1279030.0,478663.0,POINT (1279030 478663)
507580,Massachusetts,BETH,20816,RLU,AP,1276804.0,473130.0,POINT (1276804 473130)
659477,Fernwood,BETH,20817,ACC,LI,1274554.0,487567.0,POINT (1274554 487567)
619698,Whittier,BETH,20817,RLU,AP,1277051.0,477928.0,POINT (1277051 477928)
638236,Earlham,BETH,20817,ACC,LI,1275281.0,490301.0,POINT (1275281 490301)
84863,Huntover,ROCK,20852,RLU,AP,1275304.0,499845.0,POINT (1275304 499845)
696812,St Albans,BETH,20814,ACC,LI,1279569.0,495654.0,POINT (1279569 495654)
585718,Bradmoor,BETH,20817,ACC,LI,1278332.0,483778.0,POINT (1278332 483778)
518548,Shadow,CHEV,20815,RLU,AP,1281774.0,475782.0,POINT (1281774 475782)
634661,Belhaven,BETH,20817,ACC,EX,1277232.0,491350.0,POINT (1277232 491350)
508287,Wyoming,BETH,20816,ACC3,PE,1276227.0,470375.0,POINT (1276227 470375)
580990,Bradmoor,BETH,20817,ACC,LI,1277395.0,486749.0,POINT (1277395 486749)
631634,Whittier,BETH,20817,RLU,AP,1275513.0,482452.0,POINT (1275513 482452)
1796770,Griffith,GAIT,20882,RLU,AP,1280302.0,568896.0,POINT (1280302 568896)
428790,Willard,CHEV,20815,ACC,EX,1285228.0,471857.0,POINT (1285228 471857)
1142177,Crestwood,KENS,20895,ACC3,LI,1285771.0,493752.0,POINT (1285771 493752)
751435,Rocking Spring,ROCK,20853,RLU,PE,1281794.0,523023.0,POINT (1281794 523023)
443922,Barrett,BETH,20814,RLU,AP,1281564.0,477847.0,POINT (1281564 477847)
622845,Plainview,BETH,20817,ACC3,LI,1278651.0,479473.0,POINT (1278651 479473)
116413,Galena,ROCK,20852,ACC,EX,1284911.0,504703.0,POINT (1284911 504703)
607953,Ft Sumner,BETH,20816,RLU,AP,1279660.0,469075.0,POINT (1279660 469075)
529165,Chestnut,BETH,20814,RLU,AP,1285424.0,483298.0,POINT (1285424 483298)
1628368,Broad Brook,BETH,20814,ACC3,PE,1284645.0,490211.0,POINT (1284645 490211)
539186,Dorset,CHEV,20815,RLU,AP,1285456.0,473787.0,POINT (1285456 473787)
3264036,Fairglen,CHEV,20815,RLU,AP,1282906.0,477144.0,POINT (1282906 477144)
1262366,Mitscher,KENS,20895,ACC3,PE,1288532.0,500509.0,POINT (1288532 500509)
1258763,Wexford,KENS,20895,ACC,LI,1289200.0,498704.0,POINT (1289200 498704)
674198,Elsmere,BETH,20814,RLU,AP,1284238.0,489979.0,POINT (1284238 489979)
1443415,Janice,ROCK,20853,RLU,AP,1284041.0,521028.0,POINT (1284041 521028)
57882,Montrose,GARR,20896,ACC,EX,1285167.0,499503.0,POINT (1285167 499503)
1424514,Russett,ROCK,20853,ACC,LI,1282565.0,516916.0,POINT (1282565 516916)
540208,Sleaford,BETH,20814,RLU,AP,1286225.0,481259.0,POINT (1286225 481259)
546568,Westwood,BETH,20816,ACC3,LI,1282083.0,466135.0,POINT (1282083 466135)
718544,Rocking Spring,ROCK,20853,ACC,EX,1281427.0,523017.0,POINT (1281427 523017)
1290400,Helen,SILV,20906,ACC3,LI,1289960.0,508856.0,POINT (1289960 508856)
2262965,Botany,GAIT,20878,ACC,EX,1248530.0,521543.0,POINT (1248530 521543)
413550,Winesap,NO P,20878,RLU,AP,1241372.0,524818.0,POINT (1241372 524818)
2488613,Wagon,SILV,20906,RLU,AP,1302137.0,516070.0,POINT (1302137 516070)
1318390,Georgia,SILV,20906,ACC,EX,1292950.0,512850.0,POINT (1292950 512850)
1059523,Sligo Creek,TAKO,20912,RLU,AP,1310696.0,481745.0,POINT (1310696 481745)
2411200,Waterfowl,ROCK,20853,ACC,LI,1283946.0,527607.0,POINT (1283946 527607)
1063536,Sycamore,TAKO,20912,ACC,EX,1311163.0,476552.0,POINT (1311163 476552)
1147660,Milford,SILV,20910,RLU,AP,1299779.0,485061.0,POINT (1299779 485061)
3106320,Edgemoor,BETH,20814,RLU,AP,1283074.0,479880.0,POINT (1283074 479880)
2871011,Tribunal,POTO,20854,RLU,AP,1243960.0,510165.0,POINT (1243960 510165)
3646893,Woodfield,GAIT,20882,RLU,AP,1263301.0,563214.0,POINT (1263301 563214)
1422253,Russett,ROCK,20853,RLU,AP,1282473.0,518012.0,POINT (1282473 518012)
1693871,Riverwood,POTO,20854,RLU,PE,1248642.0,497372.0,POINT (1248642 497372)
364117,Palermo,SILV,20904,ACC,EX,1327035.0,508328.0,POINT (1327035 508328)
3299946,Bear Creek,BOYD,20841,RLU,AP,1228996.0,544900.0,POINT (1228996 544900)
998346,Everett,KENS,20895,RLU,PE,1288778.0,493093.0,POINT (1288778 493093)
508686,Wehawken,BETH,20816,RLU,AP,1276961.0,470056.0,POINT (1276961 470056)
U 447667,Valley,BETH,20817,ACC3,LI,1275648.0,485021.0,POINT (1275648 485021)
2573051,Settlers Landing,NO P,20878,RLU,AP,1248932.0,519410.0,POINT (1248932 519410)
515352,Garfield,BETH,20817,RLU,AP,1279312.0,484160.0,POINT (1279312 484160)
634422,Singleton,BETH,20817,ACC,LI,1276402.0,490631.0,POINT (1276402 490631)
2361161,Ridge,ROCK,20853,RLU,AP,1284348.0,538519.0,POINT (1284348 538519)
107340,Old Stage,ROCK,20852,RLU,AP,1272976.0,502055.0,POINT (1272976 502055)
1238561,Connecticut,SILV,20906,RLU,AP,1291708.0,507419.0,POINT (1291708 507419)
1879306,Alloway,POTO,20854,RLU,PE,1250189.0,486962.0,POINT (1250189 486962)
1411055,Falcon,ROCK,20853,RLU,AP,1285583.0,509560.0,POINT (1285583 509560)
706843,New Hampshire,BRKV,20833,RLU,AP,1304976.0,557867.0,POINT (1304976 557867)
1064280,Buffalo,TAKO,20912,ACC,EX,1306732.0,478783.0,POINT (1306732 478783)
1040364,Silver Spring,SILV,20910,ACC,LI,1306980.0,482756.0,POINT (1306980 482756)
325776,Lillian,SILV,20904,ACC3,FD,1308150.0,514269.0,POINT (1308150 514269)
368718,Cricket,SILV,20904,RLU,PE,1307077.0,518140.0,POINT (1307077 518140)
986678,Guilford,SILV,20901,RLU,AP,1306123.0,491335.0,POINT (1306123 491335)
1326220,Monticello,SILV,20902,ACC,LI,1303873.0,502065.0,POINT (1303873 502065)
2454243,Highland,SILV,20910,ACC,LI,1301497.0,486938.0,POINT (1301497 486938)
1046907,Thayer,SILV,20910,RLU,AP,1307168.0,482981.0,POINT (1307168 482981)
987445,Philadelphia,SILV,20910,ACC3,PE,1306101.0,480932.0,POINT (1306101 480932)
1057353,Takoma,TAKO,20912,RLU,AP,1306647.0,479498.0,POINT (1306647 479498)
3052875,Durham,POTO,20854,RLU,AP,1258902.0,486575.0,POINT (1258902 486575)
343811,Randolph,SILV,20904,ACC,PE,1308404.0,510674.0,POINT (1308404 510674)
1366065,Hannes,SILV,20901,RLU,AP,1308430.0,498627.0,POINT (1308430 498627)
383975,Eldrid,SILV,20904,ACC3,FC,1312967.0,509627.0,POINT (1312967 509627)
1065730,Elm,TAKO,20912,ACC3,PE,1309940.0,475752.0,POINT (1309940 475752)
1432274,Woodland,SILV,20910,ACC,EX,1302916.0,486513.0,POINT (1302916 486513)
3061117,Lindsey Manor,SILV,20905,ACC,PE,1304930.0,529483.0,POINT (1304930 529483)
1437072,Watson,SILV,20910,ACC,PE,1305521.0,487986.0,POINT (1305521 487986)
323983,Marine,SILV,20905,ACC,EX,1309720.0,518972.0,POINT (1309720 518972)
1038645,Bennington,SILV,20910,ACC,LI,1307141.0,487817.0,POINT (1307141 487817)
717334,Ednor,SILV,20905,ACC,EX,1309797.0,534444.0,POINT (1309797 534444)
1074483,Maple,TAKO,20912,RLU,AP,1311263.0,480890.0,POINT (1311263 480890)
3172313,Circle,TAKO,20912,ACC,LI,1311547.0,474986.0,POINT (1311547 474986)
1881925,Beaumont,SILV,20904,ACC3,LI,1310435.0,513227.0,POINT (1310435 513227)
2428745,Cannon,SILV,20904,ACC,LI,1312378.0,511233.0,POINT (1312378 511233)
1065774,Manor,TAKO,20912,ACC,EX,1311199.0,478092.0,POINT (1311199 478092)
1058860,Maple,TAKO,20912,ACC,EX,1311186.0,481322.0,POINT (1311186 481322)
1059900,Sycamore,TAKO,20912,ACC,EX,1310773.0,477201.0,POINT (1310773 477201)
3374306,Woodland,TAKO,20912,ACC3,FC,1311434.0,477008.0,POINT (1311434 477008)
3174675,Lincoln,TAKO,20912,ACC3,LI,1312839.0,477840.0,POINT (1312839 477840)
2230297,Childs,SILV,20901,ACC,EX,1310748.0,497262.0,POINT (1310748 497262)
310503,Orchard,SILV,20904,ACC,LI,1312489.0,515581.0,POINT (1312489 515581)
328256,Schindler,SILV,20903,ACC3,PE,1315318.0,495238.0,POINT (1315318 495238)
260010,Priscilla,SILV,20904,RLU,AP,1319426.0,506099.0,POINT (1319426 506099)
1012366,Wire,SILV,20901,ACC3,PE,1309260.0,487780.0,POINT (1309260 487780)
3165716,Elm,TAKO,20912,ACC,EX,1312129.0,476493.0,POINT (1312129 476493)
2794960,Amina,BURT,20866,RLU,AP,1334080.0,528595.0,POINT (1334080 528595)
61565,Shelley,GARR,20896,RLU,AP,1286219.0,497196.0,POINT (1286219 497196)
284083,Mc Ceney,SILV,20901,ACC3,FD,1313612.0,497473.0,POINT (1313612 497473)
2451284,Schindler,SILV,20903,ACC3,PE,1314951.0,494381.0,POINT (1314951 494381)
733232,Hornell,SILV,20905,ACC,EX,1315487.0,537450.0,POINT (1315487 537450)
297234,Hedin,SILV,20903,RLU,PE,1316067.0,492054.0,POINT (1316067 492054)
309801,Forest Dale,SILV,20903,RLU,AP,1320727.0,493912.0,POINT (1320727 493912)
358947,O'Fallon,SILV,20904,ACC,LI,1324930.0,508025.0,POINT (1324930 508025)
3432116,Bethesda Church,DAMA,20872,RLU,AP,1249206.0,592076.0,POINT (1249206 592076)
361160,O'Fallon,SILV,20904,RLU,AP,1325009.0,508175.0,POINT (1325009 508175)
336017,Brantford,SILV,20904,RLU,AP,1315214.0,506916.0,POINT (1315214 506916)
2959940,River View,POTO,20854,RLU,AP,1246271.0,495074.0,POINT (1246271 495074)
339512,Billington,SILV,20904,ACC,LI,1316857.0,508210.0,POINT (1316857 508210)
286606,New Hampshire,SILV,20903,ACC,LI,1318154.0,494320.0,POINT (1318154 494320)
273433,Kingshouse,SILV,20905,ACC,EX,1322281.0,522406.0,POINT (1322281 522406)
3613426,Wickham,OLNE,20832,RLU,AP,1284082.0,548379.0,POINT (1284082 548379)
287691,Oaklawn,SILV,20903,ACC3,FC,1317924.0,495265.0,POINT (1317924 495265)
309253,Forest Dale,SILV,20903,RLU,AP,1320520.0,493781.0,POINT (1320520 493781)
360848,Castleleigh,SILV,20904,ACC,LI,1328910.0,507654.0,POINT (1328910 507654)
3548677,Denit Estates,BRKV,20833,RLU,AP,1300592.0,559089.0,POINT (1300592 559089)
3403342,Fairland,SILV,20904,RLU,AP,1329775.0,509349.0,POINT (1329775 509349)
256030,Oak Hill,SILV,20905,RLU,AP,1321121.0,533643.0,POINT (1321121 533643)
1966745,MacArthur,BETH,20817,RLU,AP,1260987.0,477126.0,POINT (1260987 477126)
253286,Falling Creek,SILV,20904,RLU,AP,1322984.0,511889.0,POINT (1322984 511889)
261492,Old Lyme,SILV,20905,ACC,LI,1309652.0,520630.0,POINT (1309652 520630)
3293288,Sapling Ridge,BRKV,20833,RLU,AP,1297495.0,565118.0,POINT (1297495 565118)
3209445,Chandlee Mill,SAND,20860,RLU,AP,1304472.0,546767.0,POINT (1304472 546767)
1869397,Birch Springs,SILV,20905,ACC,LI,1319330.0,521760.0,POINT (1319330 521760)
1124522,Norbeck,ROCK,20853,RLU,PE,1288034.0,523731.0,POINT (1288034 523731)
491038,Wilson,BETH,20814,RLU,AP,1283013.0,480868.0,POINT (1283013 480868)
1700807,Spring Meadows,DARN,20874,RLU,AP,1227143.0,520631.0,POINT (1227143 520631)
512245,Stratford,BETH,20814,RLU,AP,1281547.0,481589.0,POINT (1281547 481589)
2169137,Amity,ROCK,20850,ACC,LI,1265473.0,536485.0,POINT (1265473 536485)
556363,Locust,BETH,20814,ACC,LI,1281362.0,488214.0,POINT (1281362 488214)
3496697,Jones Mill,CHEV,20815,RLU,AP,1294451.0,487315.0,POINT (1294451 487315)
618455,Robinwood,BETH,20817,RLU,AP,1277293.0,479407.0,POINT (1277293 479407)
2861422,Potomac Manors,POTO,20854,RLU,AP,1251302.0,492657.0,POINT (1251302 492657)
641121,Lone Oak,BETH,20817,ACC3,PE,1274403.0,492828.0,POINT (1274403 492828)
503753,Wiscasset,BETH,20816,ACC,LI,1276244.0,473463.0,POINT (1276244 473463)
3448908,Pinehurst,CHEV,20815,RLU,AP,1295369.0,479603.0,POINT (1295369 479603)
404098,Esworthy,GERM,20874,RLU,PE,1230415.0,514187.0,POINT (1230415 514187)
674267,Elsmere,BETH,20814,ACC,LI,1283373.0,489164.0,POINT (1283373 489164)
782458,Wheat Fall,DERW,20855,ACC,LI,1268331.0,538687.0,POINT (1268331 538687)
1143525,Parkwood,BETH,20814,RLU,AP,1284929.0,492457.0,POINT (1284929 492457)
422383,Allandale,BETH,20816,ACC,EX,1283034.0,471323.0,POINT (1283034 471323)
271731,Ednor,SILV,20905,RLU,AP,1316049.0,535953.0,POINT (1316049 535953)
311393,Snowden,SILV,20905,ACC3,LI,1312286.0,522958.0,POINT (1312286 522958)
348356,Nora,SILV,20904,RLU,AP,1315215.0,504212.0,POINT (1315215 504212)
1254845,University,SILV,20901,ACC,LI,1312909.0,487836.0,POINT (1312909 487836)
1068904,Holly,TAKO,20912,ACC,EX,1308051.0,478699.0,POINT (1308051 478699)
998313,Summit,KENS,20895,ACC3,LI,1288564.0,492214.0,POINT (1288564 492214)
2828427,Persimmon Tree,POTO,20854,RLU,PE,1254436.0,490234.0,POINT (1254436 490234)
3414642,Signal Tree,POTO,20854,RLU,PE,1223879.0,514093.0,POINT (1223879 514093)
1807965,Luray,OLNE,20832,ACC,LI,1287981.0,545762.0,POINT (1287981 545762)
1359743,Prospect,TAKO,20912,ACC,EX,1313395.0,482199.0,POINT (1313395 482199)
64717,Stillwater,KENS,20895,ACC,LI,1283512.0,498626.0,POINT (1283512 498626)
1138893,Plyers Mill,SILV,20902,ACC,LI,1296563.0,496567.0,POINT (1296563 496567)
2102521,Whitehaven,SILV,20906,RLU,PE,1301130.0,530041.0,POINT (1301130 530041)
113113,Mary Cassatt,POTO,20854,ACC3,LI,1266999.0,502598.0,POINT (1266999 502598)
1332083,Charlton,SILV,20902,RLU,AP,1308061.0,502002.0,POINT (1308061 502002)
1164243,Auth,SILV,20902,RLU,AP,1306110.0,504954.0,POINT (1306110 504954)
499810,Jones Bridge,BETH,20814,RLU,AP,1286563.0,484512.0,POINT (1286563 484512)
1271190,Parkland,ROCK,20853,ACC3,LI,1287610.0,517345.0,POINT (1287610 517345)
597523,Bellevue,BETH,20814,ACC,LI,1284466.0,490614.0,POINT (1284466 490614)
1864236,Warfield,GAIT,20882,RLU,AP,1258677.0,556836.0,POINT (1258677 556836)
676233,Greenlawn,BETH,20814,ACC,LI,1279076.0,493148.0,POINT (1279076 493148)
1288920,Littleton,SILV,20906,ACC,PE,1289645.0,510751.0,POINT (1289645 510751)
2211578,Beethoven,SILV,20904,ACC,PE,1328224.0,510443.0,POINT (1328224 510443)
671606,Winston,BETH,20817,RLU,AP,1275654.0,476385.0,POINT (1275654 476385)
1340868,Havard,SILV,20906,RLU,AP,1288256.0,508019.0,POINT (1288256 508019)
1056110,Ellsworth,SILV,20910,ACC,LI,1306279.0,486831.0,POINT (1306279 486831)
511230,Wellesley,GLEN,20812,ACC,EX,1271229.0,474744.0,POINT (1271229 474744)
107657,Whisperwood,ROCK,20852,ACC,LI,1272533.0,500062.0,POINT (1272533 500062)
113465,Seven Locks,POTO,20854,ACC,LI,1266037.0,505149.0,POINT (1266037 505149)
3069658,Sanderling,GERM,20874,RLU,AP,1231751.0,540473.0,POINT (1231751 540473)
1368428,Ladd,SILV,20902,RLU,AP,1302363.0,500195.0,POINT (1302363 500195)
897776,Ledgerock,POTO,20854,RLU,AP,1255020.0,504866.0,POINT (1255020 504866)
1080358,Maple,TAKO,20912,RLU,AP,1309058.0,477900.0,POINT (1309058 477900)
434016,Persimmon Tree,BETH,20817,ACC,LI,1263606.0,477499.0,POINT (1263606 477499)
396363,Germantown,GERM,20874,RLU,AP,1228596.0,533061.0,POINT (1228596 533061)
2534562,Saddle River,POTO,20878,RLU,AP,1243088.0,517997.0,POINT (1243088 517997)
3497260,Oak Hill,SPEN,20868,RLU,AP,1322209.0,535528.0,POINT (1322209 535528)
1361917,Emily,KENS,20895,ACC,EX,1291227.0,500221.0,POINT (1291227 500221)
3174174,Allegheny,TAKO,20912,ACC,EX,1310578.0,475292.0,POINT (1310578 475292)
727594,Chestnut,ROCK,20853,ACC3,LI,1287655.0,527221.0,POINT (1287655 527221)
871965,Carteret,BETH,20817,ACC,LI,1266627.0,487873.0,POINT (1266627 487873)
3150167,Windsor Knoll,LAYT,20882,RLU,AP,1266041.0,557287.0,POINT (1266041 557287)
3197893,Allnutt,BURT,20866,RLU,AP,1326082.0,527977.0,POINT (1326082 527977)
496736,Hampden,BETH,20817,RLU,AP,1279929.0,482860.0,POINT (1279929 482860)
1282626,Whitehall,SILV,20901,ACC,PE,1304605.0,496334.0,POINT (1304605 496334)
2313600,Greencastle,BURT,20866,RLU,AP,1325925.0,522584.0,POINT (1325925 522584)
459277,Taylor,CHEV,20815,ACC3,LI,1290929.0,478786.0,POINT (1290929 478786)
1079281,Maple,TAKO,20912,ACC,EX,1308659.0,477667.0,POINT (1308659 477667)
614413,Namakagan,BETH,20816,ACC,EX,1279337.0,471136.0,POINT (1279337 471136)
1064850,Sycamore,TAKO,20912,ACC,EX,1310951.0,476900.0,POINT (1310951 476900)
522893,Leland,CHEV,20815,RLU,AP,1287366.0,478611.0,POINT (1287366 478611)
1158311,Grubb,CHEV,20815,ACC,LI,1296287.0,484192.0,POINT (1296287 484192)
2978852,Old Baltimore,BRKV,20833,RLU,AP,1298149.0,548470.0,POINT (1298149 548470)
3574095,Arora Hills,CLAR,20871,RLU,AP,1243095.0,571300.0,POINT (1243095 571300)
3190551,Crownsgate,GERM,20874,RLU,AP,1232498.0,542606.0,POINT (1232498 542606)
331697,Fairhill,SILV,20904,ACC,LI,1312291.0,512825.0,POINT (1312291 512825)
12758,Exodus,GAIT,20882,RLU,AP,1264860.0,558172.0,POINT (1264860 558172)
3215127,Dresden,KENS,20895,RLU,AP,1288630.0,493337.0,POINT (1288630 493337)
665731,Westpath,BETH,20816,RLU,AP,1276648.0,468819.0,POINT (1276648 468819)
3040684,Linden Grove,SILV,20902,RLU,AP,1298480.0,488047.0,POINT (1298480 488047)
1426796,Crestridge,SILV,20910,RLU,AP,1302759.0,489283.0,POINT (1302759 489283)
1431100,Colesville,SILV,20910,RLU,PE,1305303.0,486709.0,POINT (1305303 486709)
1464372,Wallingford,SILV,20906,ACC3,PE,1301191.0,529240.0,POINT (1301191 529240)
945441,Johns,DAMA,20872,RLU,AP,1252341.0,603627.0,POINT (1252341 603627)
1485465,Colebrook,POTO,20854,ACC,LI,1252261.0,500697.0,POINT (1252261 500697)
77003,Circle,ROCK,20850,ACC3,PE,1253458.0,509589.0,POINT (1253458 509589)
700026,Buxton,BETH,20817,RLU,AP,1264583.0,478166.0,POINT (1264583 478166)
1133867,11th,SILV,20903,ACC,PE,1315900.0,485335.0,POINT (1315900 485335)
3017484,Fairland Park,SILV,20904,RLU,AP,1322771.0,513557.0,POINT (1322771 513557)
1118315,Lindell,SILV,20902,ACC,LI,1297831.0,505550.0,POINT (1297831 505550)
521648,Shepherd,CHEV,20815,RLU,AP,1292717.0,478052.0,POINT (1292717 478052)
342851,Eldrid,SILV,20904,RLU,PE,1307277.0,508838.0,POINT (1307277 508838)
986827,Granville,SILV,20901,ACC,LI,1307329.0,490849.0,POINT (1307329 490849)
2479482,Harrington,POTO,20854,RLU,AP,1259756.0,488572.0,POINT (1259756 488572)
3158254,Signal Tree,GERM,20874,RLU,AP,1224185.0,514483.0,POINT (1224185 514483)
1065810,Sligo Creek,TAKO,20912,ACC,EX,1311051.0,481222.0,POINT (1311051 481222)
3516386,Kemp Mill,SILV,20902,ACC,LI,1305183.0,504097.0,POINT (1305183 504097)
2897653,Summer Mill,BETH,20817,RLU,AP,1271218.0,482047.0,POINT (1271218 482047)
1180106,Galt,SILV,20902,RLU,AP,1295794.0,500897.0,POINT (1295794 500897)
3281246,Holland Meadow,LAYT,20882,RLU,AP,1276020.0,550458.0,POINT (1276020 550458)
2035738,Oaklyn,POTO,20854,RLU,AP,1252031.0,487209.0,POINT (1252031 487209)
3157966,Highland Farm,POTO,20854,RLU,AP,1245183.0,501618.0,POINT (1245183 501618)
1894951,Wilderness Walk,GAIT,20882,ACC,LI,1254159.0,572921.0,POINT (1254159 572921)
2802571,Riviera,SILV,20904,ACC,EX,1305785.0,510812.0,POINT (1305785 510812)
2892877,Top Ridge,BOYD,20841,RLU,AP,1225536.0,556744.0,POINT (1225536 556744)
1316128,Holdridge,SILV,20906,ACC,LI,1292920.0,512150.0,POINT (1292920 512150)
1061630,Piney Branch,TAKO,20912,ACC,EX,1307308.0,477777.0,POINT (1307308 477777)
3406004,Lakenheath,POTO,20854,RLU,AP,1266703.0,498840.0,POINT (1266703 498840)
2032837,Summertree,ROCK,20853,ACC,EX,1285188.0,532521.0,POINT (1285188 532521)
3434387,Martinsburg,DICK,20842,RLU,AP,1178299.0,548187.0,POINT (1178299 548187)
3259280,Old Briggs Chaney,SILV,20905,RLU,AP,1325439.0,517058.0,POINT (1325439 517058)
2861342,Potomac Manors,POTO,20854,RLU,AP,1250655.0,493104.0,POINT (1250655 493104)
602040,Coquelin,CHEV,20815,ACC3,LI,1293908.0,484091.0,POINT (1293908 484091)
1230521,Atherton,SILV,20906,RLU,AP,1290902.0,509922.0,POINT (1290902 509922)
1004880,Holman,SILV,20910,ACC,EX,1297829.0,491700.0,POINT (1297829 491700)
94678,Farmland,ROCK,20852,RLU,AP,1271625.0,501927.0,POINT (1271625 501927)
501572,Brandt,BETH,20814,ACC3,LI,1285381.0,484171.0,POINT (1285381 484171)
1038510,Colesville,SILV,20901,ACC,PE,1307034.0,488566.0,POINT (1307034 488566)
660077,Tulip Hill,BETH,20816,RLU,AP,1274486.0,473263.0,POINT (1274486 473263)
1793594,Spring Hill,CHEV,20815,RLU,AP,1292777.0,487442.0,POINT (1292777 487442)
2966832,Oyster Bay,GAIT,20886,RLU,AP,1268755.0,553482.0,POINT (1268755 553482)
543430,Rodman,BETH,20816,ACC3,LI,1284349.0,469318.0,POINT (1284349 469318)
2305906,Pinto,ROCK,20850,ACC3,LI,1252316.0,521350.0,POINT (1252316 521350)
2035102,Club View,DAMA,20872,RLU,AP,1254344.0,579883.0,POINT (1254344 579883)
395381,Berryville,DARN,20874,RLU,PE,1219278.0,517090.0,POINT (1219278 517090)
502406,Mohican,BETH,20816,ACC,EX,1275096.0,471439.0,POINT (1275096 471439)
3131791,Mt Prospect,ROCK,20850,RLU,AP,1242644.0,513479.0,POINT (1242644 513479)
382481,Aylesbury,SILV,20905,ACC,LI,1319461.0,523821.0,POINT (1319461 523821)
280473,Blackburn,BURT,20866,RLU,AP,1330802.0,524247.0,POINT (1330802 524247)
1079235,Sycamore,TAKO,20912,ACC,EX,1311029.0,476773.0,POINT (1311029 476773)
3068825,Griffith,LAYT,20882,RLU,AP,1281801.0,570230.0,POINT (1281801 570230)
2870860,Palatine,POTO,20854,RLU,AP,1244103.0,509788.0,POINT (1244103 509788)
