<?xml version="1.0" encoding="UTF-8"?><metadata>
    <idinfo>
        <citation>
            <citeinfo>
                <origin/>
                <pubdate>20120713</pubdate>
                <title>Metro Stations in DC</title>
                <geoform>vector digital data</geoform>
                <lworkcit>
                    <citeinfo>
                        <title>DC Geographic Information System</title>
                    </citeinfo>
                </lworkcit>
            </citeinfo>
        </citation>
        <descript>
            <abstract>This dataset contains points representing Metro Stations within the District of Columbia. Station centroids were identified from visual observation of orthophotography and extracted from the planimetric data.</abstract>
            <purpose>Metro stations located within the District of Columbia.</purpose>
        </descript>
        <status>
            <progress>Complete</progress>
            <update>As needed</update>
        </status>
        <spdom>
            <bounding>
                <westbc>-77.085016</westbc>
                <eastbc>-76.935195</eastbc>
                <northbc>38.97608</northbc>
                <southbc>38.845627</southbc>
            </bounding>
        </spdom>
        <keywords>
            <theme>
                <themekt>None</themekt>
                <themekey>metro</themekey>
                <themekey>transportation</themekey>
            </theme>
            <theme>
                <themekt>ISO 19115 Topic Categories</themekt>
                <themekey>location</themekey>
                <themekey>transportation</themekey>
            </theme>
            <place>
                <placekt>None</placekt>
                <placekey>washington dc</placekey>
                <placekey>district of columbia</placekey>
                <placekey>dc</placekey>
            </place>
        </keywords>
        <accconst>Other Constraints</accconst>
        <useconst>This work is licensed under a Creative Commons Attribution 4.0 International License.</useconst>
        <ptcontac>
            <cntinfo>
                <cntorgp>
                    <cntorg>Washington Metropolitan Area Transit Authority</cntorg>
                </cntorgp>
            </cntinfo>
        </ptcontac>
        <ptcontac>
            <cntinfo>
                <cntorgp>
                    <cntorg>Office of the Chief Technology Officer</cntorg>
                </cntorgp>
                <cntpos>GIS Data Coordinator</cntpos>
                <cntaddr>
                    <addrtype>mailing and physical</addrtype>
                    <address>200 I Street SE</address>
                    <city>Washington</city>
                    <state>DC</state>
                    <postal>20003</postal>
                    <country>US</country>
                </cntaddr>
                <cntvoice>(202) 727-2277</cntvoice>
                <cntemail>dcgis@dc.gov</cntemail>
                <hours>8:30 am - 5 pm</hours>
            </cntinfo>
        </ptcontac>
        <datacred>Washington Metropolitan Area Transit Authority</datacred>
        <native>Esri ArcGIS 13.1.3.41833</native>
    </idinfo>
    <dataqual>
        <lineage>
            <srcinfo>
                <srccite>
                    <citeinfo>
                        <title>WMATA website</title>
                    </citeinfo>
                </srccite>
                <typesrc>onLine</typesrc>
                <srccitea>WMATA website</srccitea>
                <srccontr>location and attributes</srccontr>
            </srcinfo>
            <srcinfo>
                <srccite>
                    <citeinfo>
                        <title>MetroStnPt</title>
                    </citeinfo>
                </srccite>
                <srcscale>1000</srcscale>
                <typesrc>None</typesrc>
                <srccitea>MetroStnPt</srccitea>
                <srccontr>initial geography</srccontr>
            </srcinfo>
            <procstep>
                <procdesc>For the blue line extension, platform centroids were identified from visual observation of orthophotography and a centroid for each heads-up digitized from the 2003 orthophotographs. Also, using the more accurate metro lines from the WMATA Surveyor's office, staff moved the stations to better fit with the metro lines. Attribute data was provided by the WMATA website.</procdesc>
            </procstep>
            <procstep>
                <procdesc>Addresses were added from the WMATA web site.</procdesc>
            </procstep>
            <procstep>
                <procdesc>Staff modified the layer to reflect the yellow line extension.</procdesc>
            </procstep>
            <procstep>
                <procdesc>Platform centroids were identified from visual observation of orthophotography and extracted planimetric data and a centroid for each heads-up digitized from the 1995 orthophotographs. Attribute data was provided by the WMATA website. Planimetrics were created at a scale of 1:1,000. This means that a well defined feature falls within two feet of true position. All DC GIS data is stored and exported in Maryland State Plane coordinates NAD 83 meters.</procdesc>
                <procdate>20010806</procdate>
            </procstep>
            <procstep>
                <procdesc>Added yellow and orange line rush plus information.</procdesc>
                <procdate>20120713</procdate>
            </procstep>
            <procstep>
                <procdesc>Updated LINE attribute values</procdesc>
                <procdate>20240320</procdate>
            </procstep>
        </lineage>
    </dataqual>
    <spdoinfo>
        <direct>Vector</direct>
        <ptvctinf>
            <sdtsterm>
                <sdtstype>Entity point</sdtstype>
                <ptvctcnt>40</ptvctcnt>
            </sdtsterm>
        </ptvctinf>
    </spdoinfo>
    <eainfo>
        <detailed>
            <enttyp>
                <enttypl>DCGIS.MetroStnPt</enttypl>
            </enttyp>
            <attr>
                <attrlabl>OBJECTID</attrlabl>
                <attrdef>Internal feature number.</attrdef>
                <attrdefs>ESRI</attrdefs>
                <attrdomv>
                                        					
                    
                    <udom>Sequential unique whole numbers that are automatically generated.</udom>
                                        				
                
                </attrdomv>
            </attr>
            <attr>
                <attrlabl>ADDRESS</attrlabl>
            </attr>
            <attr>
                <attrlabl>SHAPE</attrlabl>
                <attrdef>Feature geometry.</attrdef>
                <attrdefs>ESRI</attrdefs>
                <attrdomv>
                                        					
                    
                    <udom>Coordinates defining the features.</udom>
                                        				
                
                </attrdomv>
            </attr>
            <attr>
                <attrlabl>Shape</attrlabl>
                <attrdef>Feature geometry.</attrdef>
                <attrdefs>ESRI</attrdefs>
                <attrdomv>
                                        					
                    
                    <udom>Coordinates defining the features.</udom>
                                        				
                
                </attrdomv>
            </attr>
            <attr>
                <attrlabl>GIS_ID</attrlabl>
                <attrdef>OCTO GIS sequential identifier</attrdef>
            </attr>
            <attr>
                <attrlabl>NAME</attrlabl>
                <attrdef>Feature name</attrdef>
            </attr>
            <attr>
                <attrlabl>GlobalID</attrlabl>
            </attr>
            <attr>
                <attrlabl>Creator</attrlabl>
            </attr>
            <attr>
                <attrlabl>Created</attrlabl>
            </attr>
            <attr>
                <attrlabl>Editor</attrlabl>
            </attr>
            <attr>
                <attrlabl>Edited</attrlabl>
            </attr>
            <attr>
                <attrlabl>LINE</attrlabl>
            </attr>
            <attr>
                <attrlabl>WEB_URL</attrlabl>
                <attrdef>web url link</attrdef>
            </attr>
            <attr>
                <attrlabl>SE_ANNO_CAD_DATA</attrlabl>
            </attr>
        </detailed>
    </eainfo>
    <metainfo>
        <metd>20240319</metd>
        <metc>
            <cntinfo>
                <cntorgp>
                    <cntorg>Office of the Chief Technology Officer</cntorg>
                </cntorgp>
                <cntpos>GIS Data Coordinator</cntpos>
                <cntaddr>
                    <addrtype>mailing and physical</addrtype>
                    <address>200 I Street SE, 5th Floor</address>
                    <city>Washington</city>
                    <state>DC</state>
                    <postal>20003</postal>
                    <country>US</country>
                </cntaddr>
                <cntvoice>(202) 727-2277</cntvoice>
                <cntfax>(202) 727-5660</cntfax>
                <cntemail>dcgis@dc.gov</cntemail>
                <hours>8:30 am - 5 pm</hours>
            </cntinfo>
        </metc>
        <metstdn>FGDC Content Standard for Digital Geospatial Metadata</metstdn>
        <metstdv>FGDC-STD-001-1998</metstdv>
        <mettc>local time</mettc>
    </metainfo>
</metadata>
